ID,Municipality,ProjectID,Include in Summary,Project Name,Parent Project Number,MP Lvl,Developer,District,2024Precinct,Pr_Order,2014 Precinct,Stage Name,Approved,Approval Year,Total GFA,Residential Population,Residential Units,Apt,Villa,Residential GFA,Retail GFA,Office GFA,Hotel GFA,Community Facilities GFA,Industrial GFA,Other GFA,Education GFA,Health Care GFA,Other_CF,Approved Completion Year,Notes,EH,Un allocated Villa Plots,Phasing_Note,Planning Status,Delivery Status,Major,Link,Updated,TMP TAZs,TAZ_Mapping_Remarks,POP NONLAB,RES GFA,RETAIL GFA,OFFICE GFA,TMP Aligned,2024,2025,2026,2027,2028,2029,2030,2031,2032,2033,2034,2035,2036,2037,2038,2039,2040,Check,2040_Assignment
1,Abu Dhabi,1099.0,No,Reem Island,,Level 0,Multiple,AL REEM ISLAND,CBD-Mina- Reem-Maryah,1,Al Reem,Island Wide MP,Yes,,19357744,236923,103199,101495,1704,15151545,917843,1376732,1186931,724693,0,0,,,,NA,Summation of All Approved Sub Master Plans,,,Partially Delivered,Committed,Pipeline,,folder,,0,,0,0,0,0,NA,,,,,,,,,,,,,,,,,,0,NA
2,Abu Dhabi,1072.0,Yes,"Shams, Reem Island",1099.0,Level 1,Aldar,AL REEM ISLAND,CBD-Mina- Reem-Maryah,1,Al Reem,Detailed: MinorAmendment (1),Yes,2018,5072548,65258,29663,29663,,3950427,194838,387832,353419,186032,0,0,,,,2022,,,,Partially Delivered,Committed,Pipeline,,folder,,47,,65242,3950422,175856,387832,Yes,,,,,,,,,,,,,,,,,0.8,0.8,0.8
3,Abu Dhabi,1089.56,Yes,Tamouh sector 4,1099.0,Level 1,Q Properties,AL REEM ISLAND,CBD-Mina- Reem-Maryah,1,Al Reem,Detailed: MinorAmendment (2),Yes,2023,2456838,27782,12616,12616,0,2073705,120525,33892,162653,66063,0,0,,,,2033,,,,Partially Delivered,Committed,Pipeline,,folder,,19,,27736,2092360,120516,16882,Yes,,,,,,,,,,,,,,,,,0.5,0.5,0.5
4,Abu Dhabi,1089.62,Yes,"Tamouh Sectors RT1,RT2,RT3,RT5 &RT6",1099.0,Level 1,Q Properties,AL REEM ISLAND,CBD-Mina- Reem-Maryah,1,Al Reem,Detailed (2),Yes,2020,4997488,54626,24831,24831,0,3671635,174255,500705,354685,296208,0,0,,,,2024,,,,Partially Delivered,Committed,Pipeline,,folder,,40,,54573,3670154,176668,500705,Yes,,,,,,,,,,,,,,,,,0.8,0.8,0.8
5,Abu Dhabi,1097.34,Yes,Najmat Phase 3,1099.0,Level 1,Q Properties,AL REEM ISLAND,CBD-Mina- Reem-Maryah,1,Al Reem,Detailed: MinorAmendment (3),Yes,2022,1729203,25547,11610,11610,0,1451390,58400,7425,121674,90314,0,0,,,,2035,,,,Partially Delivered,Committed,Pipeline,,folder,,16,,25537,1451394,58391,7425,Yes,,,,,,,,,,,,,,,,,0.6,0.6,0.6
6,Abu Dhabi,1097.40,Yes,Najmat Phases 1 & 2,1099.0,Level 1,Q Properties,AL REEM ISLAND,CBD-Mina- Reem-Maryah,1,Al Reem,Detailed: MinorAmendment (3),Yes,2021,2889535,34344,15496,15428,68,2062875,314572,382576,124500,5012,0,0,,,,2035,,,,Partially Delivered,Committed,Pipeline,,folder,,28,,34333,2062872,310770,382575,Yes,,,,,,,,,,,,,,,,,0.6,0.6,0.6
7,Abu Dhabi,1089.65,Yes,Reem Hills,1099.0,Level 1,Q Properties,AL REEM ISLAND,CBD-Mina- Reem-Maryah,1,Al Reem,Detailed: MinorAmendment (1),Yes,2023,846805,10194,2273,1000,1273,770361,19000,0,0,57444,0,0,,,,2030,,,,Approved but Not Delivered,Committed,Pipeline,,folder,,17,,10230,759146,19000,0,Yes,,,,,,,1,,,,,,,,,,,1,1
8,Abu Dhabi,1783.0,Yes,Makers District ,1099.0,Level 1,IMKAN,AL REEM ISLAND,CBD-Mina- Reem-Maryah,1,Al Reem,Detailed: MinorAmendment,Yes,2020,714715,8482,3767,3767,0,553700,16888,64302,70000,9825,0,0,,,,2022,,,,Partially Delivered,Committed,Pipeline,,folder,,5,,8479,553699,16888,64302,Yes,,,,,,,1,,,,,,,,,,,1,1
9,Abu Dhabi,38988.0,Yes,Reem Hills - Phase 3,1099.0,Level 0,Reem Hills,AL REEM ISLAND,CBD-Mina- Reem-Maryah,1,Al Reem,Pre-Concept,No,NA,650612,10690,2943,2580,363,617452,19365,0,0,13795,0,0,,,,NA,,,,Not Approved / Lapsed,Future,Future,Yes,folder,,1,,2535,150810,0,0,No,,,,,,,,,,,,1,,,,,,1,1
10,Abu Dhabi,1170.0,Yes,Al Maryah IWMP,,Level 0,Mubadala,AL MARYAH ISLAND,CBD-Mina- Reem-Maryah,1,Al Maryah,Concept (2),Yes,2012,3520000,30780,,,,1534275,151591,1000576,407446,409937,0,16175,0,264700,145237,NA,,,,Partially Delivered,Planned,Pipeline,,folder,,24,,23993,1544441,368883,811359,No,,,,,,,,,,,,,,,,,0.42,0.42,0.42
11,Abu Dhabi,1170.1,No,Al Maryah Phase 1 & 2,1170.0,Level 1,Mubadala,AL MARYAH ISLAND,CBD-Mina- Reem-Maryah,1,Al Maryah,Detailed: MinorAmendment (2),Yes,2018,2008104,13856,5711,5711,0,625000,303948,464376,282496,320134,0,12150,,,,NA,,,,Partially Delivered,Committed,Pipeline,,folder,,0,,0,0,0,0,NA,,,,,,,,,,,,,,,,,0.74,0.74,0.74
12,Abu Dhabi,Mina Zayed,No,Mina Zayed Vision,,Level 0,Aldar,ZAYED PORT,CBD-Mina- Reem-Maryah,1,Al Meena,Pre-Concept,No,NA,6222400,118800,NA,NA,NA,4094339.2,479124.8,255118.4,93336,398233.6,267563.2,634684.8,,,,NA,Preliminary Framework plan - Residential Focus may be tempered in future revisions,,,Not Approved / Lapsed,Future,Future,No,folder,,0,,0,0,0,0,NA,,,,,,,,,,,,,,,,,,0,NA
13,Abu Dhabi,36681.0,Yes,MZ AD Ports Masterplan,,Level 1,AD Ports,ZAYED PORT,CBD-Mina- Reem-Maryah,1,Al Meena,Enquiry,No,NA,997322,0,0,0,0,0,267167,441540,202278,47235,39102,0,,,,NA,,,,Not Approved / Lapsed,Future,Future,No,folder,,9,,38,1745,6984,257,No,,,,,,,,,,,,,,,,,0,0,0
14,Abu Dhabi,16775.0,Yes,Mina Zayed_Phase 1,,Level 1,Aldar,ZAYED PORT,CBD-Mina- Reem-Maryah,1,Al Meena,Pre-Concept,No,NA,1999349,42242.45714,,,,1478486,100000,68785,40000,156195,0,155883,,,,NA,,,,Not Approved / Lapsed,Future,Future,Yes,folder,,5,,29153,942225,178145,290864,No,,,,,,,,,,,,,,,,,0.5,0.5,0.5
15,Abu Dhabi,24996.0,Yes,"MZ Fisherman's Wharf Souqs
",,Level 1,Modon,ZAYED PORT,CBD-Mina- Reem-Maryah,1,Al Meena,Detailed,Yes,2022,82955,491,150,150,0,17000,52300,0,2000,11655,0,0,,,,2024,,,,Partially Delivered,Committed,Pipeline,Yes,folder,,4,,491,17000,52300,0,Yes,,,1,,,,,,,,,,,,,,,1,1
16,Abu Dhabi,25087.0,Yes,MIZA Master Plan,,Level 1,SHF / LITE,ZAYED PORT,CBD-Mina- Reem-Maryah,1,Al Meena,Detailed (1),Yes,2023,248987,2116,937,861,76,71050,29335,89911,10951,47739,0,0,3031,0,44708,2026,,,,Partially Delivered,Planned,Pipeline,Yes,folder,Updated,1,,965,32343,2231,1067,No,,,,,,,1,,,,,,,,,,,1,1
17,Abu Dhabi,25087.x,Yes,Mina Zayed  - Rest of Phase 2,,Level 1,Aldar,ZAYED PORT,CBD-Mina- Reem-Maryah,1,Al Meena,Pre-Concept,No,NA,1470000,23142.85714,,,,810000,80000,400000,30000,100000,50000,,,,,NA,,,,Not Approved / Lapsed,Future,Future,Yes,folder,,8,,9095,246188,55344,37784,No,,,,,,,,,,,,,,,,,0.5,0.5,0.5
18,Abu Dhabi,Mina Zayed_Phase 3,Yes,Mina Zayed - Phase 3,,Level 1,Aldar,ZAYED PORT,CBD-Mina- Reem-Maryah,1,Al Meena,Pre-Concept,No,NA,1460000,25714.28571,,,,900000,150000,350000,60000,0,0,0,,,,NA,,,,Not Approved / Lapsed,Future,Future,Yes,folder,,13,,8144,510456,53312,125837,No,,,,,,,,,,,,,,,,,0.3,0.3,0.3
19,Abu Dhabi,1085.0,Yes,Saraya MP,,Level 0,Aldar,AL ZAHIYAH,CBD-Mina- Reem-Maryah,1,CBD,Detailed (5),Yes,2016,689911,8665,2713,2713,0,364156,7629,151377,82522,84227,0,0,,,,2030,,,,Partially Delivered,Committed,Pipeline,,folder,,2,,26869,653570,21255,47445,No,,,,,,,1,,,,,,,,,,,1,1
20,Abu Dhabi,1118.0,Yes,World Trade Centre,,Level 0,Aldar,AL DANAH,CBD-Mina- Reem-Maryah,1,CBD,Detailed (2),Yes,2009,442830,1535,474,474,0,134618,172608,115042,14108,2721,0,3733,,,,Completed,,,,Completed,Completed,Completed,,folder,,2,,3258,103406,98840,227330,Yes,1,,,,,,,,,,,,,,,,,1,1
21,Abu Dhabi,1582.2,Yes,Qasr Al Hosn,,Level 0,DCT,AL HISN,CBD-Mina- Reem-Maryah,1,CBD,Detailed,Yes,2016,32998,0,0,0,0,0,3128,1810,0,28060,0,0,,,,Completed,,,,Completed,Completed,Completed,,folder,,1,,5423,167890,214791,1717,No,1,,,,,,,,,,,,,,,,,1,1
22,Abu Dhabi,36322.0,Yes,"Low Income Housing - Akwan, Al Hisn",,Level 0,Modon,AL HISN,CBD-Mina- Reem-Maryah,1,CBD,DCR Approval,Yes,2023,200726,11875,5547,5547,,196909,3670,147,0,0,0,0,,,,2026,Not Approved Yet,,,Approved but Not Delivered,Committed,Pipeline,,folder,,1,,7845,251030,32216,2849,No,,,,,,,,,,,,,,,,,0,0,1
23,Abu Dhabi,5434.0,Yes,Residential & Commercial Tower (W4_P5),,Level 0,Foundation Property Management,AL HISN,CBD-Mina- Reem-Maryah,1,CBD,Detailed (4),Yes,2013,60853,NA,NA,0,0,55793,5060,0,0,0,0,0,,,,Completed,,,,Completed,Completed,Completed,,folder,,1,,3089,100495,845,10035,Shared,1,,,,,,,,,,,,,,,,,1,1
24,Abu Dhabi,1739.0,Yes,"Emirates Stallions (C59, C60, C63, C64)",,Level 0,Emirates Stallion Properties ,AL ZAHIYAH,CBD-Mina- Reem-Maryah,1,CBD,Pre-Concept,Yes,2016,164000,,,,,,,,,,,,,,,NA,,,,Approved but Not Delivered,Committed,Pipeline,,folder,,0,,0,0,0,0,Shared,,,,,,,,,,,,,,,,,1,1,1
25,Abu Dhabi,1106.0,Yes,"Y-Tower, C61_C63",,Level 0,EMKE Group,AL ZAHIYAH,CBD-Mina- Reem-Maryah,1,CBD,Dev. Regulations,Yes,2017,122530,,,,,,,,,,,,,,,NA,,,,Approved but Not Delivered,Committed,Pipeline,,folder,,1,,2930,304642,5245,0,Shared,,,,,,,,,,,,,,,,,1,1,1
26,Abu Dhabi,1039.0,Yes,Royal Towers (Al Hashemi Residential and Hotel Apartments),,Level 0,Private,AL ZAHIYAH,CBD-Mina- Reem-Maryah,1,Abu Dhabi Island,Concept,Yes,2016,33500,,,,,,,,33500,,,,,,,NA,,,,Not Approved / Lapsed,Future,Future,No,folder,,0,,0,0,0,0,Shared,,,,,1,,,,,,,,,,,,,1,1
27,Abu Dhabi,1039.1,Yes,Hashemi Hotel,,Level 0,Private,AL ZAHIYAH,CBD-Mina- Reem-Maryah,1,Abu Dhabi Island,Detailed (2),Yes,2016,32624,0,0,0,0,0,3485,0,29139,0,0,0,,,,2017,,,,Not Approved / Lapsed,Future,Future,No,folder,,0,,0,0,0,0,Shared,,1,,,,,,,,,,,,,,,,1,1
28,Abu Dhabi,1084.0,Yes,Navy Base,,Level 0,AD Government,AL ZAHIYAH,CBD-Mina- Reem-Maryah,1,Abu Dhabi Island,Concept,Expired,2011,458188,7650,2189,,,314960,14372,25828,56429,46599,0,0,,,,NA,To be confirmed about Land Ownership,,,Not Approved / Lapsed,Future,Future,Yes,folder,,1,,1339,67619,29767,19633,Shared,,,,,,,,,,,,1,,,,,0,1,0
29,Abu Dhabi,1251.0,No,Marina Village,,Level 0,NIC,AL KASIR,Western Corniche & Lulu,2,Marina Village,,,,860453,2201,459,65,394,240490,400840,32768,171858,4497,0,10000,,,,NA,Summation of All Approved Sub Master Plans,,,Partially Delivered,Planned,Pipeline,,folder,,0,,0,0,0,0,NA,,,,,,,,,,,,,,,,,,0,NA
30,Abu Dhabi,1251.1,Yes,Fairmont Hotel,1251.0,Level 1,NIC,AL KASIR,Western Corniche & Lulu,2,Marina Village,Detailed (3),Yes,2016,146044,177,65,65,,7093,0,0,137454,1497,0,0,,,,Completed,,,,Completed,Completed,Completed,,folder,,1,,40,1759,0,0,No,1,,,,,,,,,,,,,,,,,1,1
31,Abu Dhabi,1251.2,Yes,Marina Village Villas,1251.0,Level 1,NIC,AL KASIR,Western Corniche & Lulu,2,Marina Village,Detailed,Yes,2013,95000,720,100,0,100,95000,0,0,0,0,0,0,,,,Completed,,,,Completed,Completed,Completed,,folder,,1,,985,22066,245,0,No,1,,,,,,,,,,,,,,,,,1,1
32,Abu Dhabi,1251.2.1,Yes,Al Marina Island Royal Villas,1251.0,Level 1,NIC,AL KASIR,Western Corniche & Lulu,2,Marina Village,Detailed: MinorAmendment,Yes,2022,19047,105,19,0,19,19047,0,0,0,0,0,0,,,,2023,,,,Approved but Not Delivered,Committed,Pipeline,,folder,,0,,0,0,0,0,Shared,,,,1,,,,,,,,,,,,,,1,1
33,Abu Dhabi,1251.3,Yes,"Kasser Al Amwaj
",1251.0,Level 1,NIC,AL KASIR,Western Corniche & Lulu,2,Marina Village,Detailed: Minor Amendment (4),Yes,2016,122974,1199,275,0,275,119350,624,0,0,3000,0,0,,,,Completed,,,,Completed,Completed,Completed,,folder,,1,,3128,85749,0,0,No,1,,,,,,,,,,,,,,,,,1,1
34,Abu Dhabi,1251.4,Yes,Marina Mall Extention Phase 2,1251.0,Level 1,NIC,AL KASIR,Western Corniche & Lulu,2,Marina Village,Detailed (3),Yes,2017,456455,0,0,0,0,0,380000,32051,34404,0,0,10000,,,,2019,,,,Partially Delivered,Committed,Pipeline,,folder,,3,,945,1473,136393,23819,No,,,,,,,,,,,,,,,,,1,1,1
35,Abu Dhabi,1251.6,Yes,Marina walk - Marina Promenade Phase 1,1251.0,Level 1,NIC,AL KASIR,Western Corniche & Lulu,2,Marina Village,Detailed (1),Yes,2018,20933,0,0,0,0,0,20216,717,0,0,0,0,,,,2020,,,,Approved but Not Delivered,Committed,Pipeline,,folder,,1,,0,0,3620,0,No,,,,,1,,,,,,,,,,,,,1,1
36,Abu Dhabi,1119.0,Yes,Nareel Island,,Level 0,Aldar,AL BATEEN,Western Corniche & Lulu,2,Abu Dhabi Island,Detailed: MinorAmendment (5),Yes,2020,225107,1199,152,,152,221551,2600,0,0,936,0,20,,,,2020,,,,Partially Delivered,Committed,Pipeline,,folder,,1,,107,7230,1010,15334,No,,,,,,,1,,,,,,,,,,,1,1
37,Abu Dhabi,1303.0,Yes,Al Bateen Park Development,,Level 0,Aldar,AL BATEEN,Western Corniche & Lulu,2,Abu Dhabi Island,Detailed (4),Yes,2010,123189,NA,359,359,0,120002,2363,0,0,824,0,0,,,,Completed,,,,Completed,Completed,Completed,,folder,,1,,563,74750,4651,0,No,1,,,,,,,,,,,,,,,,,1,1
38,Abu Dhabi,17932.0,Yes,Corniche Redevelopment - Project Aqua,,Level 0,Miral,AL BATEEN,Western Corniche & Lulu,2,Abu Dhabi Island,Detailed: MinorAmendment,Yes,2018,1999,0,0,0,0,0,1613,0,0,386,0,0,,,,Completed,,,,Completed,Completed,Completed,,folder,,1,,0,0,1110,0,Yes,1,,,,,,,,,,,,,,,,,1,1
39,Abu Dhabi,1131.0,Yes,United Square,,Level 0,ICT,AL KHALIDIYAH,Western Corniche & Lulu,2,Abu Dhabi Island,Detailed,Yes,2013,64750,NA,287,287,0,49208,5977,7101,0,0,0,2464,,,,Completed,,,,Completed,Completed,Completed,,folder,,0,,0,0,0,0,Shared,1,,,,,,,,,,,,,,,,,1,1
40,Abu Dhabi,1238.0,Yes,Marasy,,Level 0,ICT,AL BATEEN,Western Corniche & Lulu,2,Abu Dhabi Island,Detailed,Yes,2010,62590,593,369,369,0,57766,2474,0,0,2350,0,0,,,,Completed,,,,Completed,Completed,Completed,,folder,,0,,0,0,0,0,Shared,1,,,,,,,,,,,,,,,,,1,1
41,Abu Dhabi,1105.1,No,Al Manhal phase 1,1105.0,Level 1,ICT,AL MANHAL,Western Corniche & Lulu,2,Abu Dhabi Island,Detailed (3),Yes,2012,468541,5567.114286,967,967,0,194849,33710,166211,63808,9963,0,0,,,,2013,,,,Not Approved / Lapsed,Future,Future,No,folder,,0,,0,0,0,0,NA,,,,,,,,,,,,,,,,,,0,NA
42,Abu Dhabi,5686.0,Yes,ADNOC New Medical Center,,Level 0,ADNOC,AL BATEEN,Western Corniche & Lulu,2,Abu Dhabi Island,Detailed (2),Yes,2015,28184.13,NA,NA,0,0,0,0,0,0,0,0,0,,,,Completed,,,,Completed,Completed,Completed,,folder,,1,,128,14076,0,18529,Shared,1,,,,,,,,,,,,,,,,,1,1
43,Abu Dhabi,1005.0,Yes,Etihad Towers,,Level 0,Private,AL BATEEN,Western Corniche & Lulu,2,Abu Dhabi Island,Detailed,Yes,2009,235947,3898,1083,1083,0,151507,12086,45462,26892,0,0,0,,,,Completed,,,,Completed,Completed,Completed,,folder,,0,,0,0,0,0,Shared,1,,,,,,,,,,,,,,,,,1,1
44,Abu Dhabi,1958.0,Yes,Marina Mixed Use Dev,,Level 0,Private,AL BATEEN,Western Corniche & Lulu,2,Abu Dhabi Island,Detailed,Yes,2012,52447,NA,35,35,0,13006,2413,0,36631,397,0,0,,,,Completed,,,,Completed,Completed,Completed,,folder,,0,,0,0,0,0,Shared,1,,,,,,,,,,,,,,,,,1,1
45,Abu Dhabi,1475.0,Yes,Marina Mixed Use Development- Bloom,,Level 0,Bloom,AL BATEEN,Western Corniche & Lulu,2,Abu Dhabi Island,Detailed,Yes,2013,86437,NA,225,225,0,39959,4997,0,40384,1097,0,0,,,,Completed,,,,Completed,Completed,Completed,,folder,,1,,7923,330102,20392,19786,Shared,1,,,,,,,,,,,,,,,,,1,1
46,Abu Dhabi,24640.0,Yes,Blue Marine,,Level 0,Private,AL BATEEN,Western Corniche & Lulu,2,Abu Dhabi Island,Concept,Yes,2021,52592,483,101,16,85,48150,3730,0,0,712,0,0,,,,2023,,,,Approved but Not Delivered,Committed,Pipeline,,folder,,0,,0,0,0,0,Shared,,,,,,,,,,,,,,,,,1,1,1
47,Abu Dhabi,1025.0,Yes,Bateen Wharf,,Level 0,DCT,AL BATEEN,Western Corniche & Lulu,2,Abu Dhabi Island,Detailed,Yes,2013,5528,NA,NA,0,0,0,0,0,0,0,0,0,,,,Completed,,,,Completed,Completed,Completed,,folder,,0,,0,0,0,0,Shared,1,,,,,,,,,,,,,,,,,1,1
48,Abu Dhabi,2573.0,No,Sheikh Khalifa Medical City MP,2573.0,Level 0,SEHA,AL MANHAL,Western Corniche & Lulu,2,Abu Dhabi Island,DCR Approval,Yes,2022,224000,0,0,0,0,0,0,0,0,224000,0,0,0,224000,0,NA,"New Hospital project of 72,000 SqM Approved to the existing 152,000 SqM within the  MP",,,Partially Delivered,Committed,Pipeline,,folder,,2,,2833,103425,5497,22336,Shared,,,1,,,,,,,,,,,,,,,1,1
49,Abu Dhabi,1122.0,No,Al Gurm Master Plan,,Level 0,Aldar,AL QURM,Mid AD Island,3,Abu Dhabi Island,Detailed (2),Yes,2014,100688,932,73,0,73,92695.9519,2447.67,2850,0,2694.643,0,0,,,,2030,,,,Partially Delivered,Planned,Pipeline,,folder,,0,,0,0,0,0,No,1,,,,,,,,,,,,,,,,,1,1
50,Abu Dhabi,18932.0,Yes,Al Gurm Phase II,1122.0,Level 0,Aldar,AL QURM,Mid AD Island,3,Abu Dhabi Island,Detailed: MinorAmendment,Yes,2019,100289,525,71,0,71,100289,0,0,0,0,0,0,,,,2022,,,,Approved but Not Delivered,Committed,Pipeline,,folder,,1,,217,26875,1229,0,No,,,,,,,1,,,,,,,,,,,1,1
51,Abu Dhabi,1042.0,Yes,Danet Abu Dhabi,,Level 0,Q Properties,AL SA`ADAH,Mid AD Island,3,Abu Dhabi Island,Detailed: MinorAmendment,Yes,2022,976342,19560,4598,4598,0,631092,61331,140763,121755,21400,0,0,,,,2025,,,,Partially Delivered,Committed,Pipeline,,folder,,1,,19700,623428,80919,166646,Yes,,,,,,,1,,,,,,,,,,,1,1
52,Abu Dhabi,1013.0,Yes,Eastern Mangroves Angsana Resort,,Level 0,DCT,AL KHEERAN,Mid AD Island,3,Abu Dhabi Island,Detailed,Yes,2009,127161,901,222,222,0,74519,2889,0,49509,244,0,0,,,,Completed,,,,Completed,Completed,Completed,,folder,,1,,0,0,0,0,No,1,,,,,,,,,,,,,,,,,1,1
53,Abu Dhabi,2154.0,Yes,Mushrif Central Park,,Level 0,Al Ain Properties LLC,AL MUSHRIF,Mid AD Island,3,Abu Dhabi Island,Detailed,Yes,2013,6594,NA,NA,0,0,0,0,0,0,0,0,0,,,,Completed,,,,Completed,Completed,Completed,,folder,,1,,0,0,310,181,NA,1,,,,,,,,,,,,,,,,,1,1
54,Abu Dhabi,5619.0,Yes,Khalifa University Extension,,Level 0,KUSTAR,HADBAT AL ZA`FARANAH,Mid AD Island,3,Abu Dhabi Island,Detailed: Minor Amendment (2),Yes,2016,101500,NA,NA,0,0,0,0,0,0,101500,0,0,101500,0,0,Completed,,,,Completed,Completed,Completed,,folder,,1,,0,0,30,0,No,1,,,,,,,,,,,,,,,,,1,1
55,Abu Dhabi,5436.0,Yes,First Gulf Bank office building,,Level 0,FAB,AL MUNTAZAH,Khor AL Maqta,4,Abu Dhabi Island,Detailed,Yes,2013,40360,0,0,0,0,0,0,40360,0,0,0,0,,,,Completed,,,,Completed,Completed,Completed,,folder,,0,,0,0,0,0,Shared,1,,,,,,,,,,,,,,,,,1,1
56,Abu Dhabi,5746.0,Yes,Traditional Souq,,Level 0,Q Properties,AL RAWDAH,Khor AL Maqta,4,Grand Mosque District,Detailed: MinorAmendment,Yes,2019,105520,0,0,0,0,0,88755,0,16765,0,0,0,,,,2021,,,,Approved but Not Delivered,Committed,Pipeline,,folder,,1,,68,2846,0,0,No,,1,,,,,,,,,,,,,,,,1,1
57,Abu Dhabi,1146.0,Yes,"ADNEC, Capital Centre Master Plan",,Level 0,ADNEC,AL RAWDAH,Khor AL Maqta,4,Grand Mosque District,Detailed (2),Yes,2017,743201,5252,1393,1393,,137128,32695,248717,323203,1457,0,0,,,,2020,,,,Partially Delivered,Committed,Pipeline,,folder,,1,,6457,164197,26138,125377,No,,,1,,,,,,,,,,,,,,,1,1
58,Abu Dhabi,1621.0,Yes,Bloom Gardens,,Level 0,Bloom,AL MUNTAZAH,Khor AL Maqta,4,Grand Mosque District,Detailed: Minor Amendment (4),Yes,2018,179068,2320,457,0,457,148266,1595,0,0,29077,0,130,,,,Completed,,,,Completed,Completed,Completed,,folder,,0,,0,0,0,0,Shared,1,,,,,,,,,,,,,,,,,1,1
59,Abu Dhabi,25258.0,Yes,Capital Garden,,Level 0,Capital Gardens,AL MUNTAZAH,Khor AL Maqta,4,Grand Mosque District,Detailed: MinorAmendment,Yes,2022,34337,881,182,181,1,34306,0,0,0,31,0,0,,,,2023,,,,Approved but Not Delivered,Committed,Pipeline,,folder,,1,,5353,234181,2671,75308,No,1,,,,,,,,,,,,,,,,,1,1
60,Abu Dhabi,1236.0,Yes,Rawdhat Abu Dhabi,,Level 0,Q Properties,AL MUNTAZAH,Khor AL Maqta,4,Grand Mosque District,Detailed (2),Yes,2017,839156,11567,3831,3831,,524347,37721,269983,0,7105,0,0,,,,2020,,,,Partially Delivered,Committed,Pipeline,,folder,,1,,4915,273244,286,22198,No,,,,,,,1,,,,,,,,,,,1,1
61,Abu Dhabi,1164.0,Yes,Zayed Sports City,,Level 0,Mubadala,AL RAWDAH,Khor AL Maqta,4,Grand Mosque District,Concept (4),Yes,2018,1927515,29577,7278,7200,78,1231783,337779,51811,71500,234542,100,0,,,,NA,,,,Approved but Not Delivered,Committed,Pipeline,,folder,,14,,31160,1231783,297469,51811,Yes,,,,,,,,,,,,0.5,,,,,0.5,0.5,1
62,Abu Dhabi,12222.0,Yes,Armed Forces Officers Club Expansion,,Level 0,Royal Development Company,AL MUZOUN,Khor AL Maqta,4,Grand Mosque District,Detailed,Yes,,222562,900,449,,449,84196,1970,,110025,590,8380,17401,,,,2045,,,,Partially Delivered,Committed,Pipeline,,folder,,1,,142,6720,2195,13438,No,,,,,,,,,,,,,,,,,0.8,0.8,1
63,Abu Dhabi,5425.0,Yes,Military officers Accomondation,,Level 0,ADP GHQ,RABDAN,Khor AL Maqta,4,Abu Dhabi,Detailed,Yes,2012,143328,0,0,0,0,137933,0,0,0,5395,0,0,,,,Completed,,,,Completed,Completed,Completed,,folder,,0,,0,0,0,0,Shared,1,,,,,,,,,,,,,,,,,1,1
64,Abu Dhabi,18495.0,No,Hudayriat Island Master Plan,,Level 0,Modon,AL HIDAYRIYYAT,Hudayriyat,5,Hudayriat Island,Pre-Concept,Yes,NA,13382356,154936,31461,21565,9896,11459693.18,545503,211483,105081,1060595.78,0,0,,,,NA,Islandwide CMP annuled - summation of Sub-Master plans,,,Not Approved / Lapsed,Future,Future,No,folder,,0,,0,0,0,0,NA,,,,,,,,,,,,,,,,,,0,NA
65,Abu Dhabi,18495.1,Yes,Hudayriat Island PDA,18495.0,Level 1,Modon,AL HIDAYRIYYAT,Hudayriyat,5,Hudayriat Island,Detailed: MinorAmendment (1),Yes,2023,3202339,51121,13435,11165,2270,2840326,69212,26630,60081,206089.78,0,0,,,,2031,Priority Development Area DMP,,,Approved but Not Delivered,Committed,Pipeline,,folder,Updated,36,,50707,2735478,96876,26156,Yes,,,,0.34,,0.5,,0.16,,,,,,,,,,0.5,1
66,Abu Dhabi,18495.2,Yes,Hudayriyat West MasterPlan,18495.0,Level 1,Modon,AL HIDAYRIYYAT,Hudayriyat,5,Hudayriat Island,Detailed: MinorAmendment (1),Yes,2023,650260,0,0,0,0,0,128169,184853,45000,292238,0,0,,,,2028,,,,Approved but Not Delivered,Committed,Pipeline,,folder,,52,,0,0,97006,200160,Yes,,,,,,,,1,,,,,,,,,,1,1
67,Abu Dhabi,37817.0,Yes,Hudayriat East MP,18495.0,Level 1,Modon,AL HIDAYRIYYAT,Hudayriyat,5,Hudayriat Island,Pre-Concept,No,NA,9529757,103815,18026,10400,7626,8619367.181,348122,0,0,562268,0,0,,,,2028,,,,Not Approved / Lapsed,Future,Future,Yes,folder,,30,,3518,156940,4110,3000,No,,,,,,,,,,,,,,,,,0.8,0.8,0.8
68,Abu Dhabi,18211.0,Yes,Masnouah Island West,,Level 0,Masnouah Island West,QIRQISHAN,Western Islands,6,Western Islands,Concept,Yes,2019,35000,0,0,0,0,1200,2500,0,31300,0,0,0,,,,NA,,,,Approved but Not Delivered,Planned,Pipeline,,folder,,0,,0,0,0,0,New TAZ,,,,,,,,,1,,,,,,,,,1,1
69,Abu Dhabi,38190.0,Yes,Luxury Island,,Level 0,NA,QIRQISHAN,Western Islands,6,Western Islands,Concept,Yes,2023,345816,1599,219,0,219,275000,7850,0,39000,23966,,,,,,2026,,,,Approved but Not Delivered,Planned,Pipeline,,folder,,0,,0,0,0,0,New TAZ,,,,,1,,,,,,,,,,,,,1,1
70,Abu Dhabi,28240.0,Yes,Al Bahrani Island_The Grove Development Master Plan,,Level 0,C.I Properties LLC,AL HALAH ISLAND,Western Islands,6,Western Islands,Pre-Concept,No,NA,346030,1005,134,0,134,285430,0,0,18000,42600,0,0,,,,NA,Enquiry Submission Only,,,Not Approved / Lapsed,Future,Future,Yes,folder,,0,,0,0,0,0,New TAZ,,,,,,,1,,,,,,,,,,,1,1
71,Abu Dhabi,32592.0,Yes,Nawras Island,,Level 0,Turquoise Investments SPV Ltd,AL HALAH ISLAND,Western Islands,6,Western Islands,Concept (1),Yes,2023,28091,112,24,24,0,1856,22659,0,12145,0,3576,0,,,,NA,,,,Approved but Not Delivered,Planned,Pipeline,,folder,,0,,0,0,0,0,New TAZ,,,,,,,,,1,,,,,,,,,1,1
72,Abu Dhabi,1610.0,No,Mussaffah Labour Camp,,Level 0,AD Ports,ABU DHABI INDUSTRIAL CITY,Musaffah-ICAD-Mafraq,7,Musaffah,Detailed,Yes,2009,95622,0,0,0,0,0,0,0,0,0,0,0,,,,2010,,,,Partially Delivered,Planned,Pipeline,,folder,,0,,0,0,0,0,NA,,,,,,,,,,,,,,,,,,0,NA
73,Abu Dhabi,ICAD 1,Yes,ICAD 1,,Level 0,AD Ports,ABU DHABI INDUSTRIAL CITY,Musaffah-ICAD-Mafraq,7,Musaffah,Detailed,Yes,,6587534,0,0,0,0,0,0,0,0,0,6587534,0,0,0,0,NA,GFA provided by AD Ports,,,Partially Delivered,Planned,Pipeline,,folder,,11,,936,96129,147079,10194,,,,,,,,,,,,,,,,,,0.45,0.45,1
74,Abu Dhabi,1994.0,Yes,ICAD 2,,Level 0,AD Ports,ABU DHABI INDUSTRIAL CITY,Musaffah-ICAD-Mafraq,7,Musaffah,Detailed,Yes,,6088247.254,0,0,0,0,11288.7656,5644.3828,8466.5742,0,22577.5312,6031803,8467,,,,NA,GFA provided by AD Ports,,,Partially Delivered,Planned,Pipeline,,folder,,3,,0,0,4300,24870,,,,,,,,,,,,,,,,,,0.51,0.51,1
75,Abu Dhabi,1995.0,Yes,ICAD 3,,Level 0,AD Ports,ABU DHABI INDUSTRIAL CITY,Musaffah-ICAD-Mafraq,7,Musaffah,Detailed,Yes,2008,8359005.396,0,0,0,0,227793,228568.9189,228568.9189,0,534104,6835212,304758.5586,,,,2020,,,,Partially Delivered,Planned,Pipeline,,folder,,6,,0,0,17598,48572,,,,,,,,,,,,,,,,,,1,1,1
76,Abu Dhabi,1996.0,Yes,ICAD 4,,Level 0,AD Ports,ABU DHABI INDUSTRIAL CITY,Musaffah-ICAD-Mafraq,7,Musaffah,Concept,Yes,2023,9533855,34961,NA,NA,0,469871,67595,1058344,0,29715,7908330,0,0,0,0,2040,GFA provided by AD Ports,,,Partially Delivered,Planned,Pipeline,,folder,Updated,2,,0,120000,44672,81303,,,,,,,,,,,,,,,,,,0.13,0.13,0.13
77,Abu Dhabi,1997.0,Yes,ICAD 5 - Overall,,Level 0,AD Ports,ABU DHABI INDUSTRIAL CITY,Musaffah-ICAD-Mafraq,7,Musaffah,Concept,Yes,2020,4127375,2000,400,400,0,24000,975122,202438,0,114694,2811121,0,,,,2022,,,,Partially Delivered,Committed,Pipeline,,folder,,25,,0,24000,173560,171037,,,,,,,,,,,,,,,,,,0.5,0.5,1
78,Abu Dhabi,1997.2,Yes,ICAD 5 - Zone 1,1997.0,Level 1,Block 7 Investments LLC,ABU DHABI INDUSTRIAL CITY,Musaffah-ICAD-Mafraq,7,Musaffah,Detailed: MinorAmendment (3),Yes,2024,1743622,1719,753,753,0,83913,226436,329122,74984,483353,545814,0,,,,2022,,,,Partially Delivered,Committed,Pipeline,,folder,,0,,0,0,0,0,,,,,,,,1,,,,,,,,,,,1,
78,Abu Dhabi,1997.1,Yes,ICAD 5 - Block 7,1997.2,Level 2,Block 7 Investments LLC,ABU DHABI INDUSTRIAL CITY,Musaffah-ICAD-Mafraq,7,Musaffah,Concept,Yes,2021,214756,1038,424,424,0,50658,23509,76560,21444,42585,0,0,,,,2025,,,,Approved but Not Delivered,Planned,Pipeline,,folder,,0,,0,0,0,0,,,,,,,,,,,,,,,,,,1,1,1
79,Abu Dhabi,1997.z2_Rahayel,Yes,ICAD 5 - Zone 2 Rahayel,1997.0,Level 1,AD Ports,ABU DHABI INDUSTRIAL CITY,Musaffah-ICAD-Mafraq,7,Musaffah,Detailed: MinorAmendment (3),Yes,2020,4127375,2000,400,400,0,24000,975122,202438,0,114694,2811121,0,,,,2022,,,,Partially Delivered,Committed,Pipeline,,folder,,0,,0,0,0,0,,,,,,,,,,,,,,,,,,0.6,0.6,
80,Abu Dhabi,1997.z2_Remainder,Yes,ICAD 5 - Zone 2 Remainder,1997.0,Level 1,AD Ports,ABU DHABI INDUSTRIAL CITY,Musaffah-ICAD-Mafraq,7,Musaffah,Detailed: MinorAmendment (3),Yes,2020,4127375,2000,400,400,0,24000,975122,202438,0,114694,2811121,0,,,,2022,,,,Partially Delivered,Committed,Pipeline,,folder,,0,,0,0,0,0,,,,,,,,,,,,,,,,,,,0,
79,Abu Dhabi,1997.z3,Yes,ICAD 5 - Zone 3,1997.0,Level 1,AD Ports,ABU DHABI INDUSTRIAL CITY,Musaffah-ICAD-Mafraq,7,Musaffah,Detailed: MinorAmendment (3),Yes,2020,4127375,2000,400,400,0,24000,975122,202438,0,114694,2811121,0,,,,2022,,,,Partially Delivered,Committed,Pipeline,,folder,,0,,0,0,0,0,,,,,,,,,,,,,,,,,,,0,
79,Abu Dhabi,1527.1,Yes,Musafah Garden Residential Tower,,Level 0,Emirates Land Group,MUSAFFAH,Musaffah-ICAD-Mafraq,7,Musaffah,Detailed,Yes,2013,69268,NA,NA,0,0,68308,960,0,0,0,0,0,,,,Completed,,,,Completed,Completed,Completed,,folder,,0,,0,0,0,0,,1,,,,,,,,,,,,,,,,,1,1
80,Abu Dhabi,13222.1,No,Musaffah - DMT MP ,,Level 0,AD Government,MUSAFFAH,Musaffah-ICAD-Mafraq,7,Musaffah,Detailed,TBD,NA,5391544,114000,35212.48235,35212.48235,0,2993061,614291.8,83590.2,449949,239842,0,0,,,,NA,"Urban Revitalization, Assumed 85 Sqm/ Unit",,,Not Approved / Lapsed,Future,Future,No,folder,,0,,0,0,0,0,,,,,,,,,,,,,,,,,,0.5,0.5,0.5
81,Abu Dhabi,1999.0,No,H1-Workers Resid. Cities. Hameem,,Level 0,AD Ports,AL BIHOUTH,Musaffah-ICAD-Mafraq,7,Abu Dhabi,Detailed (2),Yes,2009,TBC,0,0,0,0,0,0,0,0,0,0,0,,,,Completed,,,,Completed,Completed,Completed,,folder,,0,,0,0,0,0,,1,,,,,,,,,,,,,,,,,1,1
82,Abu Dhabi,1740.0,79,Al Markaz-Waha Land,,Level 0,Waha Capital,AL BIHOUTH,Musaffah-ICAD-Mafraq,7,Abu Dhabi,Detailed: MinorAmendment,Yes,2021,621792,0,0,0,0,0,18542,41510,0,3160,558580,0,,,,NA,,,,Partially Delivered,Planned,Pipeline,,folder,,1,,1,153,2626,0,,,,,,,,,,,,,,,,,,0.6,0.6,0.7
83,Abu Dhabi,5394.0,No,Commercial & Mosque,,Level 0,Private,AL BIHOUTH,Musaffah-ICAD-Mafraq,7,Abu Dhabi,Detailed,Yes,2011,7249,NA,NA,0,0,0,5519,432,0,1298,0,0,,,,2020,,,,Approved but Not Delivered,Planned,Pipeline,,folder,,0,,0,0,0,0,NA,,,,,,,,,,,,,,,,,,0,NA
84,Abu Dhabi,2108.1,No,Razeen Labour Camps (x 4),,Level 0,AD Government,AL WATHBAH,Wathba and Haffar,8,Abu Dhabi,Detailed (3),Yes,2010,690720,NA,NA,0,0,690720,0,0,0,0,0,0,,,,Completed,,,,Completed,Completed,Completed,,folder,,0,,0,0,0,0,,1,,,,,,,,,,,,,,,,,1,1
85,Abu Dhabi,2897.0,Yes,Al Haffar Police training Facility,,Level 0,ADP GHQ,AL HAFFAR,Wathba and Haffar,8,Abu Dhabi,Detailed: MinorAmendment (8),Yes,2019,163296,846,764,764,0,15824,0,3941,0,143531,0,0,,,,NA,,,,Partially Delivered,Committed,Pipeline,,folder,,0,,0,0,0,0,,,,,,,,1,,,,,,,,,,,1,1
86,Abu Dhabi,Al Haffar,Yes,Al Haffar,,Level 0,AD Government / Aldar,AL HAFFAR,Wathba and Haffar,8,Abu Dhabi,Pre-Concept,No,NA,TBD,28000,4000,TBD,4000,TBD,TBD,TBD,TBD,TBD,TBD,TBD,,,,TBD,Future project - Pre-concept planning estimated #s,Yes,4000,Not Approved / Lapsed,Future,Future,EH,folder,,1,,0,0,0,0,,,,,,,1,,,,,,,,,,,,1,1
87,Abu Dhabi,26626.0,Yes,Al Nahda Master Plan,,Level 0,AD Government / Aldar,BANI YAS,Mainland East,9,Bani Yas,Detailed,Yes,2021,5543949,47893,7239,1720,5519,5139124,126503,0,0,278322,0,0,,,,2025,National Housing,Yes,2609,Approved but Not Delivered,Committed,Pipeline,,folder,,52,,47874,5139123,126499,17000,,,,,,1,,,,,,,,,,,,,1,1
88,Abu Dhabi,25983.0,Yes,West Baniyas National Housing,,Level 0,AD Government / Q Properties,BANI YAS,Mainland East,9,Bani Yas,Detailed (1),Yes,2022,1634279,12608,1659,,1659,1493100,50500,0,0,90679,0,0,,,,2026,National Housing,Yes,1659,Approved but Not Delivered,Committed,Pipeline,,folder,,4,,12607,1493100,50497,0,,,,,1,,,,,,,,,,,,,,1,1
89,Abu Dhabi,21227.0,Yes,Bawabat Al Sharq Development_2,,Level 0,Baniyas Investment,BANI YAS,Mainland East,9,Bani Yas,Detailed,No,2023,692191,8377,1949,NA,NA,479509,160279,1751,,50652,,,,,,2025,,,,Partially Delivered,Committed,Pipeline,,folder,,1,,1983,138636,56573,41489,No,,,,,,,,,,,,1,,,,,,1,1
90,Abu Dhabi,2103.0,No,Bawabat Al Sharq - Phase 1,21227.0,Level 1,Baniyas Investment,BANI YAS,Mainland East,9,Bani Yas,Detailed,Yes,,,,,,,,,,,,,,,,,NA,,,,Completed,Completed,Completed,,folder,,0,,0,0,0,0,,1,,,,,,,,,,,,,,,,,1,1
91,Abu Dhabi,2103.1,No,Bawabat Al Sharq Phase 2,21227.0,Level 1,Baniyas Investment,BANI YAS,Mainland East,9,Bani Yas,Detailed,Yes,2011,107741,,142,142,0,107741,0,0,0,0,0,0,,,,Completed,,,,Completed,Completed,Completed,,folder,,0,,0,0,0,0,,1,,,,,,,,,,,,,,,,,1,1
92,Abu Dhabi,2103.2,No,Bawabat Al Sharq Phase 3,21227.0,Level 1,Baniyas Investment,BANI YAS,Mainland East,9,Bani Yas,Detailed: MinorAmendment (2),Yes,2018,60898,982,189,,189,60898,0,0,0,0,0,0,,,,2020,,,,Completed,Completed,Completed,,folder,,0,,0,0,0,0,,1,,,,,,,,,,,,,,,,,1,1
93,Abu Dhabi,2103.3,No,Bawabat Al Sharq P4,21227.0,Level 1,Baniyas Investment,BANI YAS,Mainland East,9,Bani Yas,Detailed,Yes,,,,,,,,,,,27337,,,,,,NA,,,,Completed,Completed,Completed,,folder,,0,,0,0,0,0,,1,,,,,,,,,,,,,,,,,1,1
94,Abu Dhabi,21227.1,No,Bawabat Al Sharq Development_2,21227.0,Level 1,Baniyas Investment,BANI YAS,Mainland East,9,Bani Yas,Detailed,Yes,2023,19329.93,389,91,0,91,19330,0,0,0,0,0,0,,,,2025,,,,Approved but Not Delivered,Committed,Pipeline,,folder,,0,,0,0,0,0,NA,,,,,,,,,,,,,,,,,,0,NA
95,Abu Dhabi,17860.0,Yes,Al Reeman 1 (Downtown Shamkha),,Level 0,Aldar,AL SHAMKHAH,Mainland East,9,Al Shamkha,Detailed: MinorAmendment (7),Yes,2023,1720625,37149,12188,11402,786,1454494,143381,150,0,122600,0,0,,,,2040,,,,Approved but Not Delivered,Committed,Pipeline,,folder,,16,,2229,30648,3013,0,No,,,,,,,,,,,,1,,,,,,1,1
96,Abu Dhabi,22345.0,Yes,Al Reeman 2,,Level 0,Aldar,AL SHAMKHAH,Mainland East,9,Al Shamkha,Detailed: MinorAmendment (1),Yes,2021,1027605,11513,1698,,1698,970607,15900,0,0,41098,0,,,,,2020,,,,Approved but Not Delivered,Committed,Pipeline,,folder,,11,,1017,36,0,0,No,,0.4,,,,,1,,,,,,,,,,,1,1
97,Abu Dhabi,Riyadh,Yes,Madinat Al Riyadh,,Level 0,AD Government / Aldar,MADINAT AL RIYAD,Mainland East,9,Al Shamkha,Detailed,Yes,,31288145,299096,44797.15294,18042.15294,26755,26089585.55,396097.1566,716059.7964,47608.11,2801648.992,1218077.51,19067.88708,,,,NA,"National Housing + Commercial / InvestmentPlots, Per MP GIS dated 20200430",Yes,814,Partially Delivered,Committed,Pipeline,,folder,,156,,262787,26021272,407653,776673,,,,,1,,,,,,,,,,,,,0.5,1,1
98,Abu Dhabi,17054.0,Yes,Higher College of Technology Complex,,Level 0,Higher College of Technology,AL SHAWAMEKH,Mainland East,9,Al Shamkha,Detailed (3),Yes,2018,90590,0,0,0,0,0,0,0,0,90590,0,0,,,,Completed,,,,Completed,Completed,Completed,,folder,,0,,0,0,0,0,,1,,,,,,,,,,,,,,,,,1,1
99,Abu Dhabi,21703.0,Yes,Baniyas North MP,,Level 0,AD Government / Aldar,AL SHAWAMEKH,Mainland East,9,Al Shamkha,Detailed: MinorAmendment,Yes,2022,3679147,32568,4914,851,4063,3412247,54717,7000,0,205182,0,0,,,,2023,National Housing,Yes,3453,Approved but Not Delivered,Committed,Pipeline,,folder,,20,,32560,3412244,54709,16999,,,1,,,,,,,,,,,,,,,,1,1
100,Abu Dhabi,SHM13_P1,Yes,SHM13_P1,,Level 0,AD Government / Aldar,AL SHAWAMEKH,Mainland East,9,Al Shamkha,Pre-Concept,No,NA,,,,,,,,,,,,,,,,NA,National Housing?,Yes,TBC,Not Approved / Lapsed,Future,Future,EH,folder,,1,,1287,52730,0,2706,,,,,,,,,,,,,1,,,,,,1,1
101,Abu Dhabi,5365.0,Yes,Al Merief,,Level 0,Aldar,KHALIFA CITY,Mainland Central,10,Airport District,Detailed: MinorAmendment (1),Yes,2017,238580,5695,969,688,281,214269,1950,0,0,22361,0,0,,,,2020,,,,Partially Delivered,Committed,Pipeline,,folder,,1,,1816,228981,24851,690,Yes,,,,,,,1,,,,,,,,,,,1,1
102,Abu Dhabi,1001.8,No,Masdar Amended CMP,,Level 0,MASDAR,KHALIFA CITY,Mainland Central,10,Airport District,Detailed,Yes,2022,3706800,64062,21288,20295,1023,2314751,122192.72,610221.32,100569.28,320440,238626,0,,,,NA,,,,Partially Delivered,Committed,Pipeline,,folder,,0,,0,0,0,0,,,,,,,,,,,,,,,,,,,0,NA
103,Abu Dhabi,1001.15,Yes,Masdar Phase 5,1001.8,Level 1,MASDAR,KHALIFA CITY,Mainland Central,10,Airport District,Detailed: MinorAmendment (2),Yes,2021,338002,5996,1528,615,913,239170,13053,0,0,85779,0,0,,,,2025,,,,Approved but Not Delivered,Committed,Pipeline,,folder,,18,,5996,239170,13054,0,Yes,,,,,,,,,,,,,,,,,0.6,0.6,0.6
104,Abu Dhabi,1001.21,Yes,Masdar Phase 4,1001.8,Level 1,MASDAR,KHALIFA CITY,Mainland Central,10,Airport District,Detailed: MinorAmendment (1),Yes,2021,921883,21850,7886,7886,0,765848,27170.72,32943,11482.28,23880,60559,0,,,,2030,,,,Approved but Not Delivered,Committed,Pipeline,,folder,,18,,21851,765848,27171,32943,Yes,,,,,,,,,,,,,,,,,0.6,0.6,0.6
105,Abu Dhabi,1001.8.1,Yes,Masdar Phase 1 & 2,1001.8,Level 1,MASDAR,KHALIFA CITY,Mainland Central,10,Airport District,Detailed: MinorAmendment (4),Yes,2023,1857608.32,19528,7702,7622,110,744646,72009,577278.32,89087,196521,178067,0,,,,2030,,,,Partially Delivered,Committed,Pipeline,,folder,,48,,18539,708982,72009,612949,Yes,,,,,,,,,,,,1,,,,,,1,1
106,Abu Dhabi,1001.8.x,Yes,Masdar Phase 3,1001.8,Level 1,MASDAR,KHALIFA CITY,Mainland Central,10,Airport District,Detailed: MinorAmendment (4),No,NA,589307,16688,4172,4172,0,565087,9960,0,0,14260,0,0,,,,NA,,,,Not Approved / Lapsed,Future,Future,No,folder,,7,,13640,565087,9960,0,Yes,,,,,,,,,,,,,,,,,0.5,0.5,0.5
107,Abu Dhabi,1115.0,Yes,Al Raha Gardens,,Level 0,Aldar,KHALIFA CITY,Mainland Central,10,Al Raha,Detailed (2),Yes,2009,423162,12250,1458,0,1458,374178,3599,162,0,45223,0,0,,,,Completed,,,,Completed,Completed,Completed,,folder,,3,,22875,2163000,26958,5172,,1,,,,,,,,,,,,,,,,,1,1
108,Abu Dhabi,1115.1,Yes,Al Raha Gardens Attached Housing,,Level 0,Aldar,KHALIFA CITY,Mainland Central,10,Al Raha,Detailed (6),Yes,2013,64693,980,140,0,140,59082,4267,0,0,1344,0,0,,,,Completed,,,,Completed,Completed,Completed,,folder,,0,,0,0,0,0,,1,,,,,,,,,,,,,,,,,1,1
109,Abu Dhabi,1073.0,Yes,Golf Gardens II,,Level 0,Aldar,KHALIFA CITY,Mainland Central,10,Khalifa City,Detailed (1),Yes,2009,236656,NA,1573,1573,0,228710,2927.6,2195.7,0,2728.7,0,94,,,,Completed,,,,Completed,Completed,Completed,,folder,,0,,0,0,0,0,,1,,,,,,,,,,,,,,,,,1,1
110,Abu Dhabi,1633.0,Yes,Watani,,Level 0,Aldar,KHALIFA CITY,Mainland Central,10,Khalifa City,Detailed,Yes,2009,869568,17795,1420,0,1420,770169,41666,0,0,57733,0,0,,,,NA,National Housing,Yes,1,Partially Delivered,Committed,Pipeline,,folder,,3,,11603,972664,2145,501,,,,,1,,,,,,,,,,,,,,1,1
111,Abu Dhabi,18916.0,Yes,Al Jinan,1633.0,Level 1,Modon,KHALIFA CITY,Mainland Central,10,Khalifa City,Detailed,Yes,2018,50725,413,55,,55,49500,760,0,0,465,0,0,,,,2020,National Housing?,Yes,55,Approved but Not Delivered,Committed,Pipeline,,folder,,0,,0,0,0,0,,,,,1,,,,,,,,,,,,,,1,1
112,Abu Dhabi,2115.15,No,AD Intl. Shooting Club Staff Acc.,,Level 0,Al Forsan,KHALIFA CITY,Mainland Central,10,Khalifa City,Detailed (1),Yes,2010,20301,1068,523,523,0,18997,0,0,0,1304,0,0,,,,Completed,,,,Completed,Completed,Completed,,folder,,0,,0,0,0,0,,1,,,,,,,,,,,,,,,,,1,1
113,Abu Dhabi,2115.2,No,Al Forsan Village,,Level 0,Al Forsan,KHALIFA CITY,Mainland Central,10,Khalifa City,Detailed,Yes,2023,229787,0,813,428,385,219902,6060,0,0,3825,0,0,,,,Completed,,,,Completed,Completed,Completed,,folder,,0,,0,0,0,0,,1,,,,,,,,,,,,,,,,,1,1
114,Abu Dhabi,2115.2.1,Yes,AD International Hotel AD Shooting Club,,Level 0,Al Forsan,KHALIFA CITY,Mainland Central,10,Khalifa City,Detailed,Yes,2009,40065,0,0,0,0,0,0,0,40065,0,0,0,,,,Completed,,,,Partially Delivered,Committed,Pipeline,,folder,,3,,659,75862,0,0,,1,,,,,,,,,,,,,,,,,1,1
115,Abu Dhabi,1919.0,Yes,Maffraq Hospital,,Level 0,SEHA,SHAKHBOUT CITY,Mainland Central,10,Shakhbout City,Detailed,Yes,2010,164070,NA,NA,0,0,0,0,0,0,0,0,0,,,,Completed,,,,Completed,Completed,Completed,,folder,,0,,0,0,0,0,,1,,,,,,,,,,,,,,,,,1,1
116,Abu Dhabi,2105.0,Yes,National Rehabilitation center,,Level 0,SEHA,SHAKHBOUT CITY,Mainland Central,10,Shakhbout City,Detailed,Yes,2011,68206,NA,NA,0,0,0,0,0,0,0,0,0,,,,Completed,,,,Completed,Completed,Completed,,folder,,0,,0,0,0,0,,1,,,,,,,,,,,,,,,,,1,1
117,Abu Dhabi,6029.0,Yes,Al Mafraq Health Community Master Plan,,Level 0,SEHA,SHAKHBOUT CITY,Mainland Central,10,Shakhbout City,Concept (2),Yes,2014,1007765,0,0,,,0,21200,0,24000,962565,0,0,,,,NA,,,,Partially Delivered,Committed,Pipeline,,folder,,1,,2168,84473,32912,10328,,,,,,,,,,,,,,,,,,,0,1
118,Abu Dhabi,1317.0,Yes,Desert Towers- Mohd Bin Zayed,,Level 0,Q Properties,MOHAMED BIN ZAYED CITY,Mainland Central,10,Mohamed Bin Zayed City,Detailed,Yes,2008,366033,6846,1712,1712,0,319491,22681,22681,0,1180,0,0,,,,NA,,,,Approved but Not Delivered,Planned,Pipeline,,folder,,1,,39,3842,367,0,,,,,,,,,,,,,1,,,,,,1,1
119,Abu Dhabi,1239.0,Yes,MBZ-17/1 City Villa Compound,,Level 0,ICT,MOHAMED BIN ZAYED CITY,Mainland Central,10,Mohamed Bin Zayed City,Detailed (2),Yes,2009,55000,NA,170,0,170,54064,0,0,0,936,0,0,,,,Completed,,,,Completed,Completed,Completed,,folder,,0,,0,0,0,0,,1,,,,,,,,,,,,,,,,,1,1
120,Abu Dhabi,5666.0,Yes,Al Ain University technology,,Level 0,Al Ain University of Science and  technology,MOHAMED BIN ZAYED CITY,Mainland Central,10,Mohamed Bin Zayed City,Detailed,Yes,2013,43939,NA,NA,0,0,0,0,0,0,43939,0,0,,,,Completed,,,,Completed,Completed,Completed,,folder,,0,,0,0,0,0,,1,,,,,,,,,,,,,,,,,1,1
121,Abu Dhabi,5753.0,Yes,Burjeel Medical City,,Level 0,Burjeel Hospital,MOHAMED BIN ZAYED CITY,Mainland Central,10,Mohamed Bin Zayed City,Detailed: Minor Amendment (3),Yes,2016,82531,0,0,0,0,0,360,3300,0,78871,0,0,,,,Completed,,,,Completed,Completed,Completed,,folder,,0,,0,0,0,0,,1,,,,,,,,,,,,,,,,,1,1
122,Abu Dhabi,1032.0,Yes,Manazel Medical City,,Level 0,Burjeel Hospital,MOHAMED BIN ZAYED CITY,Mainland Central,10,Mohamed Bin Zayed City,Concept,Yes,2016,370163.1429,3602,966,,,104440,92857.14286,54132,0,88889,0,29845,,,,NA,,,,Partially Delivered,Committed,Pipeline,,folder,,1,,234,8712,51964,68750,,,,,,,,,,,,,,,,,,,0,1
123,Abu Dhabi,15694.0,Yes,MBZ - Z29,,Level 0,AD Government / Aldar,MOHAMED BIN ZAYED CITY,Mainland Central,10,Mohamed Bin Zayed City,Detailed,Yes,NA,995004,5379,699,0,699,943650,9316,0,0,35923,0,6115,,,,NA,National Housing,Yes,0,Approved but Not Delivered,Committed,Pipeline,,folder,,11,,765,33865,9332,0,,,,1,,,,,,,,,,,,,,,1,1
124,Abu Dhabi,Z9_MBZ,Yes,"Z9, MBZ",,Level 0,AD Government,MOHAMED BIN ZAYED CITY,Mainland Central,10,Mohamed Bin Zayed City,Detailed,Yes,NA,,,,,,,,,,,,,,,,NA,National Housing?,Yes,0,Approved but Not Delivered,Committed,Pipeline,,folder,,1,,69,4244,48,13,,,,,1,,,,,,,,,,,,,,1,1
125,Abu Dhabi,23037.0,Yes,Bloom District,,Level 0,Bloom,ZAYED CITY,Mainland Central,10,Capital District,Concept (2),Yes,2023,800000,17819,4573,2026,2547,713791,24950,0,0,61259,0,0,,,,NA,,,,Approved but Not Delivered,Planned,Pipeline,,folder,Updated,1,,3117,239665,10132,0,,,,,,,,,,,,,,,,,,,0,1
126,Abu Dhabi,23037.1,No,Bloom District Phase 1,23037.0,Level 1,Bloom,ZAYED CITY,Mainland Central,10,Capital District,Detailed: MinorAmendment (1),Yes,2022,257820,4037,698,698,0,225546,4450,0,0,27824,0,0,,,,2024,,,,Approved but Not Delivered,Committed,Pipeline,,folder,Updated,0,,0,0,0,0,NA,,,,,,,,,,,,,,,,,,0,NA
127,Abu Dhabi,23037.4,No,Bloom District Phase 2,23037.0,Level 1,Bloom,ZAYED CITY,,,,Detailed (1),Yes,2024,430626,7898,1888,449,1439,349496,20000,0,0,61129,,,,,,2027,,,,Approved but Not Delivered,Committed,Pipeline,,folder,Updated,0,,0,0,0,0,NA,,,,,,,,,,,,,,,,,,0,NA
128,Abu Dhabi,23037.2.1,No,Bloom District -Phase 3,23037.0,Level 1,Bloom,ZAYED CITY,Mainland Central,10,Capital District,Detailed,Yes,2023,167615,4755,1525,1525,0,163168,3850,0,0,597,0,0,,,,2027,,,,Approved but Not Delivered,Committed,Pipeline,,folder,Updated,0,,0,0,0,0,NA,,,,,,,,,,,,,,,,,,0,NA
129,Abu Dhabi,23037.3,No,Bloom District-5,23037.0,Level 1,Bloom,ZAYED CITY,Mainland Central,10,Capital District,Detailed,Yes,2023,58698,1545,392,0,392,56138,0,0,0,2560,0,0,,,,2026,,,,Approved but Not Delivered,Committed,Pipeline,,folder,Updated,0,,0,0,0,0,NA,,,,,,,,,,,,,,,,,,0,NA
130,Abu Dhabi,2100.4,Yes,AD University Educational Park,,Level 0,Abu Dhabi University Holding,ZAYED CITY,Mainland Central,10,Capital District,Concept,Yes,2017,105000,667,190,190,0,25000,2600,22673,0,54727,0,0,,,,2025,,,,Partially Delivered,Committed,Pipeline,,folder,,1,,5272,206236,22709,36881,,,,,,,,,,,,,,,,,,,0,1
131,Abu Dhabi,23168.0,Yes,AD Aviation Mixed use Residential,,Level 0,Abu Dhabi Aviation,ZAYED CITY,Mainland Central,10,Capital District,Detailed (2),Yes,2020,46493,1104,286,214,72,43575,1500,0,0,1418,0,0,,,,2022,,,,Partially Delivered,Committed,Pipeline,,folder,,0,,0,0,0,0,,,,,,,,,,,,,,,,,,,0,1
132,Abu Dhabi,2100.0,Yes,Zayed City MP (DMT),,Level 0,AD Government,ZAYED CITY,Mainland Central,10,Capital District,Detailed,Yes,NA,30582160.57,331302,91167,88330,2837,18595406.97,746135.4603,4292534.137,715200,3265344,0,2967540,,,,NA,National Housing + Commercial / InvestmentPlots,Yes,1,Partially Delivered,Committed,Pipeline,,folder,,97,,217906,12569212,675323,1038643,,,,,,,,,,,,,,,,,,0.45,0.45,0.45
133,Abu Dhabi,1413.0,Yes,Abu Dhabi Golf Club Dev,,Level 0,Aldar,KHALIFA CITY,Mainland Central,10,Ban Al Jesrain,Detailed,Yes,2023,88255,966,189,0,189,49644,0,0,37319,1262,0,0,,,,2025,DMP vs Overall,,,Partially Delivered,Committed,Pipeline,,folder,,1,,1433,110094,0,0,,,,,,,,,,,,,,,,,,,0,1
134,Abu Dhabi,2275.0,Yes,PI High School Accommodation,,Level 0,ADNOC,KHALIFA CITY,Mainland Central,10,Ban Al Jesrain,Detailed,Yes,2010,24521,NA,NA,0,0,0,0,0,0,0,0,0,,,,Completed,,,,Completed,Completed,Completed,,folder,,0,,0,0,0,0,,1,,,,,,,,,,,,,,,,,1,1
135,Abu Dhabi,39724.0,Yes,Reportage Village,,Level 0,Reportage Properties,KHALIFA CITY,,,,Concept,Yes,2024,82771,1466,312,0,312,82321,0,0,0,450,0,0,,,,2026,,,,Approved but Not Delivered,Committed,Pipeline,,folder,Updated,1,,1174,45465,0,87,,,,,,1,,,,,,,,,,,,,1,1
136,Abu Dhabi,5222.0,Yes,Abu Dhabi Police academy,,Level 0,ADP GHQ,SHAKHBOUT CITY,Mainland Central,10,Abu Dhabi,Detailed,Yes,2013,194385,NA,NA,0,0,75120,0,0,0,119265,0,0,,,,NA,,,,Approved but Not Delivered,Committed,Pipeline,,folder,,1,,34,697,3467,0,,,,,,,,,,,,,,,,,,,0,1
137,Abu Dhabi,10040.0,Yes,Airport City Master Plan,,Level 0,ADAC,AL MATAR,Airport District,11,Airport District,Concept (2),No,2017,246922,0,0,0,0,0,3016,119094,27740,82623,0,14449,,,,2030,CMP Unapproved. Letter Out for Transport testing,,,Not Approved / Lapsed,Future,Future,Yes,folder,,1,,0,0,0,178,,,,,,,,,,,,,,,,,,1,1,0.5
138,Abu Dhabi,6033.0,Yes,Southside Destination Village & Logistics Park,,Level 0,ADAC,AL MATAR,Airport District,11,Airport District,Concept (2),Yes,2014,522000,0,0,0,0,0,65100,273679,18000,3456,149336,12429,,,,NA,,,,Partially Delivered,Planned,Pipeline,,folder,,2,,0,0,14614,33478,,,,,,,,,,,,,,,,,,1,1,1
139,Abu Dhabi,38036.0,Yes,Airport Community Master plan,,Level 0,ICT,AL MATAR,Airport District,11,Airport District,Enquiry,No,NA,275313,4350,580,0,580,257075,3000,0,0,15238,0,0,,,,NA,,,,Not Approved / Lapsed,Future,Future,Yes,folder,,1,,602,0,12106,406,,,,,,,,1,,,,,,,,,,,1,1
140,Abu Dhabi,1113.0,No,Yas Island Framework,,Level 0,Aldar / Miral,YAS ISLAND,"Yas, Fahid & Raha",12,Yas Island,Detailed (5),Yes,2022,10568260,161354,51062,NA,NA,6832379,613325,421064.4,651215,624230,51562,1374484.6,,,,NA,Summation of All Approved Sub Master Plans,,,Partially Delivered,Planned,Pipeline,,folder,Updated,7,,0,0,11739,1268,NA,,,,,,,,,,,,,,,,,,0,NA
141,Abu Dhabi,1113.10,Yes,"Zone AA-01, Yas North - Miral",1113.0,Level 1,Miral,YAS ISLAND,"Yas, Fahid & Raha",12,Yas Island,Enquiry,No,NA,1240605,21000,5798,NA,NA,1093074,35875,,91055,20600,0,0,1400,3500,15700,NA,Not Approved; Miral Projections,,,Not Approved / Lapsed,Future,Future,Yes,folder,,2,,21000,1093074,35875,0,,,,,,,,,,,,,,,,,,0.4,0.4,0.4
142,Abu Dhabi,1113.24,Yes,"Zone AA-02, Yas Island Staff Housing, Phase 1",1113.0,Level 1,Miral,YAS ISLAND,"Yas, Fahid & Raha",12,Yas Island,Detailed: Minor Amendment (2),Yes,2018,65685,3060,994,994,,65685,0,0,0,0,0,0,,,,Completed,,,,Completed,Completed,Completed,,folder,,1,,5513,110000,0,0,,1,,,,,,,,,,,,,,,,,1,1
143,Abu Dhabi,1113.24.x,Yes,"Zone AA-02, Yas Island Staff Housing, Phase 2",1113.0,Level 1,Miral,YAS ISLAND,"Yas, Fahid & Raha",12,Yas Island,Detailed,Yes,2018,42241.18,2286,748,748,,42241.18,0,0,0,0,0,0,,,,2025,,,,Approved but Not Delivered,Planned,Pipeline,,folder,,0,,0,0,0,0,,,,,,,,,,,,,,,,,,,0,1
144,Abu Dhabi,1113.5,Yes,Royal Group Phase 1 Villas,1113.0,Level 1,Royal Group,YAS ISLAND,"Yas, Fahid & Raha",12,Yas Island,Detailed,Yes,2010,257415,2733,488,0,488,218562,5675,0,0,33178,0,0,,,,Completed,Emirati Housing MP,Yes,,Completed,Completed,Completed,,folder,,2,,2840,218246,7294,0,,1,,,,,,,,,,,,,,,,,1,1
145,Abu Dhabi,1113.25,Yes,"Zone D, Theme Park - Sea World",1113.0,Level 1,Miral,YAS ISLAND,"Yas, Fahid & Raha",12,Yas Island,Detailed,Yes,2016,571242,0,0,0,0,0,0,0,0,571242,0,0,,,,2026,,,,Completed,Completed,Completed,,folder,,2,,0,0,0,0,,1,,,,,,,,,,,,,,,,,1,1
146,Abu Dhabi,1113.1.1,Yes,"Zone E, Yas Mall",1113.0,Level 1,Aldar,YAS ISLAND,"Yas, Fahid & Raha",12,Yas Island,Detailed,Yes,2010,389916,0,0,0,0,0,389916,0,0,0,0,0,,,,Completed,,,,Completed,Completed,Completed,,folder,,1,,319,18050,467210,30320,,1,,,,,,,,,,,,,,,,,1,1
147,Abu Dhabi,1113.2.1,Yes,IKEA,1113.0,Level 1,Aldar,YAS ISLAND,"Yas, Fahid & Raha",12,Yas Island,Detailed,Yes,2010,62657,0,0,0,0,0,62657,0,0,0,0,0,,,,Completed,,,,Completed,Completed,Completed,,folder,,0,,0,0,0,0,,1,,,,,,,,,,,,,,,,,1,1
148,Abu Dhabi,1113.21,Yes,North West Quadrant,1113.1.1,Level 2,Aldar,YAS ISLAND,"Yas, Fahid & Raha",12,Yas Island,Detailed,Yes,2017,12080,0,0,0,0,0,12080,0,0,0,0,0,,,,2030,,,,Approved but Not Delivered,Committed,Pipeline,,folder,,0,,0,0,0,0,,,,,,,,,,,,,,,,,,,0,1
149,Abu Dhabi,1113.14,Yes,Sky Venture AD (Clymb),1113.1.1,Level 2,Miral,YAS ISLAND,"Yas, Fahid & Raha",12,Yas Island,Detailed,Yes,2016,5934,0,0,0,0,0,5934,0,0,0,0,0,,,,Completed,,,,Completed,Completed,Completed,,folder,,0,,0,0,0,0,,1,,,,,,,,,,,,,,,,,1,1
150,Abu Dhabi,24811.0,Yes,Manazel Tower -YS1_C9/E507b,1113.0,Level 1,Manazel,YAS ISLAND,"Yas, Fahid & Raha",12,Yas Island,Detailed,Yes,2020,11481,NA,NA,0,0,11251.38,230,0,0,0,0,0,,,,NA,,,,Approved but Not Delivered,Committed,Pipeline,,folder,,0,,0,0,0,0,,,,,,,,,,,,,,,,,,,0,1
151,Abu Dhabi,29137.0,Yes,"Zone E, Welcome Pavilion and Cascade, YS1_C2",1113.0,Level 1,Miral,YAS ISLAND,"Yas, Fahid & Raha",12,Yas Island,Detailed,Yes,2010,17566,0,0,0,0,0,17566,0,0,0,0,0,,,,Completed,DCR Approval,,,Completed,Completed,Completed,,folder,,1,,291,11251,18127,686,,1,,,,,,,,,,,,,,,,,1,1
152,Abu Dhabi,1113.17,Yes,"Zone E, Yas Mall Hotel",1113.0,Level 1,ALDAR,YAS ISLAND,"Yas, Fahid & Raha",12,Yas Island,Concept (2),Yes,2017,32000,,,,,,,,32000,,,,,,,NA,,,,Approved but Not Delivered,Planned,Pipeline,,folder,,0,,0,0,0,0,,,,,,,,,,,,,,,,,,,0,1
153,Abu Dhabi,21661.0,Yes,"Zone E, Yas Neighbourhood Project",1113.0,Level 1,ALDAR,YAS ISLAND,"Yas, Fahid & Raha",12,Yas Island,Concept (1),Yes,2019,23051,320,116,116,,18050,2883,,,176,,1942,,,,2021,,,,Approved but Not Delivered,Planned,Pipeline,,folder,,0,,0,0,0,0,,,,,,,,,,,,,,,,,,,0,1
154,Abu Dhabi,1113.E1_C3e,Yes,"Zone E, E1_C3e",1113.0,Level 1,ALDAR,YAS ISLAND,"Yas, Fahid & Raha",12,Yas Island,Pre-Concept,No,NA,16949,,,,,,16949,,,,,,,,,NA,,,,Not Approved / Lapsed,Future,Future,No,folder,,0,,0,0,0,0,,,,,,,,,,,,,1,,,,,1,1,0
155,Abu Dhabi,1113.1.2,Yes,Zone F (Ferrari World),1113.0,Level 1,Aldar,YAS ISLAND,"Yas, Fahid & Raha",12,Yas Island,Detailed,Yes,2008,194000,0,0,0,0,0,194000,0,0,0,0,0,,,,Completed,,,,Completed,Completed,Completed,,folder,,1,,0,0,0,0,,1,,,,,,,,,,,,,,,,,1,1
156,Abu Dhabi,1113.1.3,Yes,Zone FX,1113.0,Level 1,Miral,YAS ISLAND,"Yas, Fahid & Raha",12,Yas Island,Pre-Concept,No,2008,100000,NA,NA,NA,NA,0,100000,0,0,0,0,0,,,,NA,"IWFP estimate, Not Approved",,,Not Approved / Lapsed,Future,Future,Yes,folder,,1,,0,0,0,0,,,,,,,,,,,,,1,,,,,1,1,0
157,Abu Dhabi,1113.1.4,Yes,"Zone GA, Marina & Yacht Club",1113.0,Level 1,Miral,YAS ISLAND,"Yas, Fahid & Raha",12,Yas Island,Detailed,Yes,2008,8360,NA,NA,NA,NA,0,7190,1170,0,0,0,0,,,,NA,"IWFP estimate, Not Approved",,,Completed,Completed,Completed,,folder,,0,,0,0,0,0,,1,,,,,,,,,,,,,,,,,1,1
158,Abu Dhabi,1113.1.5,Yes,Zone G B (Yas Marina Hotel),1113.0,Level 1,Miral,YAS ISLAND,"Yas, Fahid & Raha",12,Yas Island,Detailed,Yes,2008,74498,0,0,0,0,0,0,0,74498,0,0,0,,,,Completed,,,,Completed,Completed,Completed,,folder,,0,,0,0,0,0,,1,,,,,,,,,,,,,,,,,1,1
159,Abu Dhabi,1113.1.7,Yes,"Zone H (Race Day Hotels 1,2,3,4,5,6)",1113.0,Level 1,Aldar,YAS ISLAND,"Yas, Fahid & Raha",12,Yas Island,Detailed,Yes,2008,156340,0,0,0,0,0,0,0,156340,0,0,0,,,,Completed,,,,Completed,Completed,Completed,,folder,,1,,0,0,1550,29450,,1,,,,,,,,,,,,,,,,,1,1
160,Abu Dhabi,1113.16,Yes,"Zone HB, Office Park",1113.0,Level 1,Aldar,YAS ISLAND,"Yas, Fahid & Raha",12,Yas Island,Detailed,Yes,NA,31000,0,0,0,0,0,1550,29450,0,0,0,0,,,,NA,"IWFP estimate, Not Approved",,,Approved but Not Delivered,Committed,Pipeline,,folder,,0,,0,0,0,0,,,,,,,,,,,,,,,,,,,0,1
161,Abu Dhabi,1113.18,Yes,Zone IB - Phase 1,1113.0,Level 1,Aldar,YAS ISLAND,"Yas, Fahid & Raha",12,Yas Island,Detailed (2),Yes,2017,250799,7144,2255,2255,,245455,575,0,0,4769,0,0,,,,Completed,,,,Completed,Completed,Completed,,folder,,1,,7142,240659,3021,517,,1,,,,,,,,,,,,,,,,,1,1
162,Abu Dhabi,1113.28,Yes,Zone IB - Phase 2,1113.0,Level 1,Aldar,YAS ISLAND,"Yas, Fahid & Raha",12,Yas Island,Detailed,Yes,2023,267951,6907,2576,2536,40,257788,3269,0,0,6894,0,0,,,,2026,,,,Approved but Not Delivered,Committed,Pipeline,,folder,,8,,6906,257783,3268,0,,,,,,,,,,,,,,,,,,,0,1
163,Abu Dhabi,1113.9,Yes,"Zone JA, Ansam Residential Development",1113.0,Level 1,Aldar,YAS ISLAND,"Yas, Fahid & Raha",12,Yas Island,Detailed (1),Yes,2012,226079,5846.4,1392,1392,0,189287,1415,0,0,1205,0,34172,,,,2025,,,,Partially Delivered,Committed,Pipeline,,folder,,1,,5763,231852,2746,473,,,,,,,,,,,,,,,,,,,0,1
164,Abu Dhabi,1113.7.JB_JC,Yes,"Zones JB, JC & JD, Yas Links",1113.0,Level 1,Aldar,YAS ISLAND,"Yas, Fahid & Raha",12,Yas Island,Pre-Concept,No,NA,32000,500,155,NA,NA,24500,1500,0,0,0,0,6000,,,,NA,"IWFP estimate, Not Approved",,,Not Approved / Lapsed,Future,Future,No,folder,,0,,0,0,0,0,,,,,,,,,,,,,1,,,,,0,1,0
165,Abu Dhabi,1113.7.JE,Yes,"Zone JE, Yas Links View Apartment South",1113.0,Level 1,Aldar,YAS ISLAND,"Yas, Fahid & Raha",12,Yas Island,Pre-Concept,No,NA,27000,675,242,242,0,26050,0,0,0,950,0,0,,,,NA,"IWFP estimate, Not Approved",,,Not Approved / Lapsed,Future,Future,No,folder,,1,,1175,50550,500,0,,,,,,,,,,,,,1,,,,,0,1,0
166,Abu Dhabi,1113.4,Yes,"Zone K, West Yas Residential Community",1113.0,Level 1,Aldar,YAS ISLAND,"Yas, Fahid & Raha",12,Yas Island,Detailed: Minor Amendment (6),Yes,2018,710886,9028,1220,0,1220,632485,15370,0,0,63031,0,0,,,,Completed,,,,Completed,Completed,Completed,,folder,,4,,9026,633713,14269,0,,1,,,,,,,,,,,,,,,,,1,1
167,Abu Dhabi,1113.6,Yes,"Yas Acres - Northern Yas, Phase 1",1113.0,Level 1,Aldar,YAS ISLAND,"Yas, Fahid & Raha",12,Yas Island,Detailed: MinorAmendment (6),Yes,2022,846283,14881,4032,2690,1342,729832,28400,1300,14670,72081,0,0,,,,2027,,,,Partially Delivered,Committed,Pipeline,,folder,,14,,14880,729832,23824,1300,,,,,,,,,,,,,,,,,,,0,1
168,Abu Dhabi,1113.6.12,Yes,"Zone NY-02, North Yas Phase 2",1113.0,Level 1,Aldar,YAS ISLAND,"Yas, Fahid & Raha",12,Yas Island,Detailed: MinorAmendment (1),Yes,2023,1871764,37075,15155,14701,454,1514064,37120,78397,55000,187183,0,0,,,,2031,,,,Approved but Not Delivered,Committed,Pipeline,,folder,Updated,31,,46667,1799377,31000,93317,,,,,,,,,,,,,,,,,,0.9,0.9,0.9
169,Abu Dhabi,1113.6.12.1,Yes,Yas Living - Noya 1,1113.0,Level 1,Aldar,YAS ISLAND,"Yas, Fahid & Raha",12,Yas Island,Detailed,Yes,2020,84220,2417,510,0,510,83708,0,0,0,512,0,0,,,,2025,,,,Approved but Not Delivered,Committed,Pipeline,,folder,,1,,2417,83708,0,0,,,,,,,,,,,,,,,,,,,0,1
170,Abu Dhabi,1113.6.12.2,Yes,Noya 2,1113.0,Level 1,Aldar,YAS ISLAND,"Yas, Fahid & Raha",12,Yas Island,Detailed: MinorAmendment,Yes,2022,163187,3262,668,,668,125755,5300,0,0,32132,0,0,,,,2024,,,,Approved but Not Delivered,Committed,Pipeline,,folder,,3,,3261,125754,3000,0,,,,,,,,,,,,,,,,,,,0,1
171,Abu Dhabi,1113.6.12.3,Yes,Sustainable City - Yas Island,1113.0,Level 1,Aldar,YAS ISLAND,"Yas, Fahid & Raha",12,Yas Island,Detailed (1),Yes,2023,158691,3514,864,464,400,145183,1980,0,0,11528,0,0,,,,2025,,,,Approved but Not Delivered,Committed,Pipeline,,folder,,1,,3872,144950,1988,0,,,,,,,,,,,,,,,,,,,0,1
172,Abu Dhabi,1113.6.12.4,Yes,Noya 4 & 5,1113.0,Level 1,ALDAR,YAS ISLAND,"Yas, Fahid & Raha",12,Yas Island,Detailed,Yes,2022,182036,4383,849,0,849,176336,0,0,0,5700,0,0,,,,2025,,,,Approved but Not Delivered,Committed,Pipeline,,folder,,4,,4380,176336,0,0,,,,,,,,,,,,,,,,,,,0,1
173,Abu Dhabi,1113.27,Yes,"Zone RA, Yas Staff Housing ALDAR",1113.0,Level 1,Aldar,YAS ISLAND,"Yas, Fahid & Raha",12,Yas Island,Detailed: MinorAmendment (1),Yes,2023,87106,3681,1659,1659,,78768,1046,287,0,7006,0,0,,,,2023,,,,Partially Delivered,Completed,Completed,,folder,,1,,3976,83966,1524,287,,,,,,,,,,,,,,,,,,,0,1
174,Abu Dhabi,1113.11,Yes,"Zone S, Yas Beach Club development ",1113.0,Level 1,Aldar,YAS ISLAND,"Yas, Fahid & Raha",12,Yas Island,Detailed,Yes,2015,1961.2,0,0,0,0,0,1202.3,166.4,168.5,424,0,0,,,,Completed,,,,Completed,Completed,Completed,,folder,,1,,0,0,4942,590,,1,,,,,,,,,,,,,,,,,1,1
175,Abu Dhabi,1113.12,Yes,"Zone SM 1-5, Mayan Phase 1",1113.0,Level 1,Aldar,YAS ISLAND,"Yas, Fahid & Raha",12,Yas Island,Detailed: Minor Amendment (3),Yes,2016,72263,1678,512,492,20,71421,526,228,0,88,0,0,,,,2020,,,,Completed,Completed,Completed,,folder,,1,,2583,110137,526,329,,1,,,,,,,,,,,,,,,,,1,1
176,Abu Dhabi,1113.13,Yes,"Zone SM Plot 5,Mayan Phase 2",1113.0,Level 1,Aldar,YAS ISLAND,"Yas, Fahid & Raha",12,Yas Island,Detailed,Yes,2016,39528,906,295,295,0,39427,0,101,0,0,0,0,,,,2025,,,,Approved but Not Delivered,Committed,Pipeline,,folder,,0,,0,0,0,0,,,,,,,,,,,,,,,,,,,0,1
177,Abu Dhabi,1113.8,Yes,"Zone TP, Theme Park Zone",1113.0,Level 1,Miral,YAS ISLAND,"Yas, Fahid & Raha",12,Yas Island,Detailed: MinorAmendment (3),Yes,2020,321334,0,0,0,0,0,24154,0,74781,222398,0,0,,,,2022,,,,Partially Delivered,Committed,Pipeline,,folder,,3,,0,0,19971,4170,,,,,,,,,,,,,,,,,,,0,1
178,Abu Dhabi,1113.8.1,Yes,Yas Waterpark,1113.0,Level 1,Miral,YAS ISLAND,"Yas, Fahid & Raha",12,Yas Island,Detailed,Yes,2016,17656,0,0,0,0,0,17656,0,0,0,0,0,,,,Completed,,,,Completed,Completed,Completed,,folder,,1,,0,0,0,0,,1,,,,,,,,,,,,,,,,,1,1
179,Abu Dhabi,1113.8.2,No,Warner Brothers Themepark,1113.8,Level 2,Miral,YAS ISLAND,"Yas, Fahid & Raha",12,Yas Island,Detailed (4),Yes,2015,114603,0,0,0,0,0,16778,20967,0,76858,0,0,,,,Completed,,,,Completed,Completed,Completed,,folder,,0,,0,0,0,0,,1,,,,,,,,,,,,,,,,,1,1
180,Abu Dhabi,1113.3.1,Yes,"Zone YS-02, The Club",1113.3,Level 2,Miral,YAS ISLAND,"Yas, Fahid & Raha",12,Yas Island,Detailed,Yes,2012,3000,0,0,0,0,0,0,0,0,3000,0,0,,,,Completed,,,,Completed,Completed,Completed,,folder,,1,,0,0,0,0,,1,,,,,,,,,,,,,,,,,1,1
181,Abu Dhabi,1113.3.2,Yes,"Zone YS-01, Yas South",1113.3,Level 2,Miral,YAS ISLAND,"Yas, Fahid & Raha",12,Yas Island,Detailed (2),Yes,2017,181192,0,0,0,0,0,65561,0,115631,0,0,0,,,,NA,,,,Completed,Completed,Completed,,folder,,3,,0,0,22348,0,,1,,,,,,,,,,,,,,,,,1,1
182,Abu Dhabi,1113.3.3,Yes,"Zone YS-01,Yas South - Phase 2",1113.3,Level 2,Miral,YAS ISLAND,"Yas, Fahid & Raha",12,Yas Island,Detailed: MinorAmendment (2),Yes,2024,1314396,18874,6669,6669,0,736973,85173,284078,115630.71,48481,1500,42560,,,,2032,,,,Partially Delivered,Committed,Pipeline,,folder,Updated,25,,19239,736973,15612,284016,,,,,,,,,,1,,,,,,,,,1,1
182,Abu Dhabi,6053.0,Yes,Fahid Island (Aldar),,Level 0,Aldar,FAHID ISLAND,"Yas, Fahid & Raha",12,Fahid Island,Pre-Concept,No,2024,1597312,6386,1908,5668,718,1587598,59139,28384,244045,77170,0,0,,,,NA,Aldar's New Proposal,,,Not Approved,Future,Future,Yes,folder,,6,,10022,759421,58174,1302,,,,,,,,,,,,,,,,,,0.5,0.5,0.5
183,Abu Dhabi,6053.0,No,Fahid Island,,Level 0,Aldar,FAHID ISLAND,"Yas, Fahid & Raha",12,Fahid Island,Concept,Expired,2015,1052902,11177,1908,,,958840,65473,0,0,28589,0,0,,,,NA,Developer changed to Aldar,,,Lapsed,Future,Future,Yes,folder,,6,,10022,759421,58174,1302,,,,,,,,,,,,,,,,,,0.5,0.5,0.5
184,Abu Dhabi,6053.2,No,Fahid Island Phase 1,6053.0,Level 1,Aldar,FAHID ISLAND,"Yas, Fahid & Raha",12,Fahid Island,Detailed,Yes,2016,301170,4070,797,511,286,275369,20523,0,0,5278,0,0,,,,2025,,,,Not Approved / Lapsed,Future,Future,No,folder,,0,,0,0,0,0,NA,,,,,,,,,,,,,,,,,,0,NA
185,Abu Dhabi,ABU AL HABL ISLAND_P1,Yes,ABU AL HABL ISLAND_P1,,Level 0,Miral,ABU AL HABL ISLAND,"Yas, Fahid & Raha",12,Inner Islands,Pre-Concept,No,NA,,,,,,,,,,,,,,,,NA,,,,Not Approved / Lapsed,Future,Future,Yes,folder,,0,,0,0,0,0,,,,,,,,,,,,,,,,,,1,1,0
186,Abu Dhabi,1114.0,Yes,Al Raha Beach (East),,Level 0,Aldar,AL RAHAH,"Yas, Fahid & Raha",12,Al Raha,Detailed (4),Yes,2014,3281936,62084,19700,19700,0,2708108,140014,235602,141296,56916,0,0,,,,NA,Updates to MP at Indiv. Plot level changes are not recorded in the approval #s,,,Partially Delivered,Committed,Pipeline,,folder,,42,,70175,2726158,130181,245202,,,,,,,,,,,,,,,,,,,0,1
187,Abu Dhabi,1114.48,Yes,Al Raha Beach West,,Level 0,Modon,AL RAHAH,"Yas, Fahid & Raha",12,Al Raha,Concept (1),Yes,2022,1627094,21061,5418,5418,0,756325,46454,676408,62502,85405,0,0,,,,NA,"Not Approved, 50% government office GFA reduction per MoM",,,Not Approved / Lapsed,Future,Future,Yes,folder,,13,,10864,566488,49622,56068,,,,,,,,,,,,,,,,,,0.25,0.25,0.25
188,Abu Dhabi,1114.1,Yes,Luluat Al Raha,,Level 0,ICT,AL RAHAH,"Yas, Fahid & Raha",12,Al Raha,Detailed: Minor Amendment (6),Yes,2017,474423,8602,2038,2005,33,382338,13992,14377,52786,10930,0,0,,,,2020,,,,Partially Delivered,Committed,Pipeline,,folder,,1,,1031,48349,60686,313,,,,,,,,,,,,,,,,,,,0,1
189,Abu Dhabi,1114.1.20,No,"Luluat Al Raha, Phase 1",,Level 1,ICT,AL RAHAH,"Yas, Fahid & Raha",12,Al Raha,Detailed: Minor Amendment (2),Yes,2017,55912,,,,,,,,,,,,,,,Completed,,,,Completed,Completed,Completed,,folder,,0,,0,0,0,0,,1,,,,,,,,,,,,,,,,,1,1
190,Abu Dhabi,1114.1.21,No,"Luluat Al Raha, Phase 2",,Level 1,ICT,AL RAHAH,"Yas, Fahid & Raha",12,Al Raha,Detailed: MinorAmendment,Yes,2022,418511,7735,577,577,0,328301,13992,14377,52786,0,0,0,,,,2025,,,,Approved but Not Delivered,Committed,Pipeline,,folder,,0,,0,0,0,0,NA,,,,,,,,,,,,,,,,,,0,NA
191,Abu Dhabi,18312.0,Yes,Al Samaliyyah Island,,Level 0,DCT - Miral,AL SAMMALIYYAH ISLAND,Inner Islands,13,Inner Islands,Pre-Concept,No,NA,53933,0,NA,NA,NA,0,2614,26819,13337,463,0,10700,,,,2025,,,,Not Approved / Lapsed,Future,Future,Yes,folder,,3,,35443,3023623,97747,126708,No,,,,1,,,,,,,,,,,,,,1,1
192,Abu Dhabi,1920.0,Yes,Umm Lefeenah,,Level 0,Private,UM YIFEENAH ISLAND,Inner Islands,13,Inner Islands,Pre-Concept,No,NA,NA,NA,NA,NA,NA,0,0,0,0,0,0,0,,,,NA,Modon has not shared info yet,,,Not Approved / Lapsed,Future,Future,Yes,folder,,3,,19907,1698264,54901,71168,,,,,,,,,,,,,,,,,,0.5,0.5,0.5
193,Abu Dhabi,Umm Al Nar,Yes,Umm Al Nar,,Level 0,NA,SAS AL NAKHL,Inner Islands,13,Inner Islands,Pre-Concept,No,NA,,,,,,,,,,,,,,,,NA,,,,Not Approved / Lapsed,Future,Future,Yes,folder,,2,,0,0,0,0,,,,,,,,,,,,,,,,,,1,1,1
194,Abu Dhabi,2166.0,Yes,Petroleum Institute MP,,Level 0,ADNOC,SAS AL NAKHL,Inner Islands,13,Ban Al Jesrain,Detailed: Minor Amendment (4),Yes,2016,594175,0,1975,1975,0,170166,0,0,0,322173,101836,0,,,,Completed,,,,Completed,Completed,Completed,,folder,,3,,381,18407,6196,69587,,1,,,,,,,,,,,,,,,,,1,1
195,Abu Dhabi,21301.0,Yes,The Gateway,,Level 0,Eshraq Poperties,SAS AL NAKHL,Inner Islands,13,Ban Al Jesrain,Concept,Yes,2020,80000,1920,532,532,0,75858,2027,0,0,2115,0,0,,,,2022,,,,Approved but Not Delivered,Planned,Pipeline,,folder,,1,,0,0,0,0,,,,,,,,,,,,,,,,,,,0,1
196,Abu Dhabi,1007.0,No,Saadiyat Island Master Plan,,Level 0,Multiple,AL SAADIYAT ISLAND,"Saadiyat, Jubail & Ramhan",14,Saadiyat Island,Concept,Yes,2017,15400000,145000,,,,11400000,859332,1000000,1073000,992355,75313,0,,,,NA,,,,Partially Delivered,Planned,Pipeline,,folder,,0,,0,0,0,0,NA,,,,,,,,,,,,,,,,,,0,NA
197,Abu Dhabi,1007.38,Yes,Cultural District MP,1007.0,Level 1,Aldar,AL SAADIYAT ISLAND,"Saadiyat, Jubail & Ramhan",14,Saadiyat Island,Detailed (4),Yes,2022,2776045,40009,11760,11717,43,1991453,205740,111809,108600,358375,0,67.6,,,,2028,,,,Approved but Not Delivered,Committed,Pipeline,,folder,,33,,35748,1898418,514796,96003,,,,,,,,,,,,,,,,,,,0,1
198,Abu Dhabi,1007.38.3,No,Cultural District Phase 1,1007.38,Level 2,Aldar,AL SAADIYAT ISLAND,"Saadiyat, Jubail & Ramhan",14,Saadiyat Island,Detailed (2),Yes,2019,1579333,24305,6716,6671,45,1283515,40369,95966,50390,107593,1500,0,,,,2025,,,,Partially Delivered,Committed,Pipeline,,folder,,0,,0,0,0,0,NA,,,,,,,,,,,,,,,,,,0,NA
199,Abu Dhabi,1007.37,No,The Grove,1007.38,Level 2,Aldar,AL SAADIYAT ISLAND,"Saadiyat, Jubail & Ramhan",14,Saadiyat Island,Detailed: MinorAmendment (1),Yes,2022,549792,10163,3527,3527,,412595,100000,0,24070,13127,0,0,,,,2027,,,,Approved but Not Delivered,Committed,Pipeline,,folder,,0,,0,0,0,0,NA,,,,,,,,,,,,,,,,,,0,NA
200,Abu Dhabi,1007.40,No,Mamsha Al Saadiyat,1007.38,Level 2,Aldar,AL SAADIYAT ISLAND,"Saadiyat, Jubail & Ramhan",14,Saadiyat Island,Detailed,Yes,2015,140055,1894,461,461,,131001,8556,0,0,498,0,0,,,,Completed,,,,Completed,Completed,Completed,,folder,,0,,0,0,0,0,,1,,,,,,,,,,,,,,,,,1,1
201,Abu Dhabi,1007.45,Yes,Beach District MP,1007.0,Level 1,Aldar,AL SAADIYAT ISLAND,"Saadiyat, Jubail & Ramhan",14,Saadiyat Island,Detailed: MinorAmendment (4),Yes,2022,1483353,8553,2597,1865,732,889296,51344,0,476329,66384,0,0,,,,2025,,,,Partially Delivered,Committed,Pipeline,,folder,,18,,6661,801571,34346,0,,,,,,,,,,,,,,,,,,0.9,0.9,0.9
202,Abu Dhabi,1007.46,Yes,Saadiyat Marina and Promenade,1007.0,Level 1,Aldar,AL SAADIYAT ISLAND,"Saadiyat, Jubail & Ramhan",14,Saadiyat Island,Concept,Yes,2022,2207516,30802,8534,7396,1138,1725014,123723,23753,64989,270038,0,0,,,,NA,,,,Not Approved / Lapsed,Future,Future,Yes,folder,,55,,71552,3171185,206044,649418,,,,,,,,,,,,,,,,,,0.8,0.8,0.8
203,Abu Dhabi,1007.27,Yes,Marina District - NYU Precinct,1007.46,Level 2,Aldar,AL SAADIYAT ISLAND,"Saadiyat, Jubail & Ramhan",14,Saadiyat Island,Detailed: MinorAmendment (6),Yes,2023,1031569,15691,5477,5435,42,674741,44995,183806,18000,110027,0,0,,,,2022,,,,Partially Delivered,Committed,Pipeline,,folder,,10,,16266,725717,48457,205806,,,,,,,,,,,,,,,,,,0.7,0.7,0.7
204,Abu Dhabi,1007.7,Yes,New York University,1007.27,Level 3,Aldar,AL SAADIYAT ISLAND,"Saadiyat, Jubail & Ramhan",14,Saadiyat Island,Detailed (5),Yes,2014,254242,2800,,,,133369,6264,0,0,114609,0,0,,,,Completed,,,,Completed,Completed,Completed,,folder,,1,,3000,135793,1012,0,,1,,,,,,,,,,,,,,,,,1,1
205,Abu Dhabi,1007.42.1,Yes,Lagoons phase 1,1007.42,Level 2,Aldar,AL SAADIYAT ISLAND,"Saadiyat, Jubail & Ramhan",14,Saadiyat Island,Detailed: MinorAmendment (4),Yes,2021,184299,2033,306,0,306,170570,500,0,0,13229,0,0,,,,2025,,,,Approved but Not Delivered,Committed,Pipeline,,folder,,1,,3757,165849,100,0,,,,,,,,,,,,,,,,,,,0,1
206,Abu Dhabi,1007.42.4,Yes,Saadiyat Lagoons,1007.42,Level 2,Aldar,AL SAADIYAT ISLAND,"Saadiyat, Jubail & Ramhan",14,Saadiyat Island,Detailed: MinorAmendment (6),Yes,2024,1879369,20359,2846,363,2483,1731568,19100,0,0,128701,0,0,,,,2028,,,,Approved but Not Delivered,Committed,Pipeline,,folder,Updated,16,,20350,1731564,19096,0,,,,,,,,,,,,,,,,,,,0,1
207,Abu Dhabi,2763.0,Yes,Hidd Al Saadiyat MP,,Level 0,SDIC- Lead,AL SAADIYAT ISLAND,"Saadiyat, Jubail & Ramhan",14,Saadiyat Island,Detailed: Minor Amendment (9),Yes,2018,599766,7832,1962,1497,465,514516,27401,0,37834,18300,0,1715,,,,2020,,,,Completed,Completed,Completed,,folder,,3,,8754,514515,21199,0,,1,,,,,,,,,,,,,,,,,1,1
208,Abu Dhabi,15090.1,Yes,Jubail Island ,15090.0,Level 1,JIIC,AL JUBAIL ISLAND,"Saadiyat, Jubail & Ramhan",14,Al Jubail Island,Detailed: MinorAmendment (11),Yes,2023,968241,9681,1738,531,1207,864083,17208,21600,3061,62279,0,0,,,,2025,,,,Approved but Not Delivered,Committed,Pipeline,,folder,Updated,20,,9726,830418,26846,34800,,,,,,,,,,,,,,,,,,,0,1
209,Abu Dhabi,15090.2,Yes,Jubail South,,Level 0,JIIC,AL JUBAIL ISLAND,"Saadiyat, Jubail & Ramhan",14,Al Jubail Island,Concept,No,NA,2407091,31029,6797,3946,2851,2132125,87748,0,19710,167508,,,,,,NA,,,,Not Approved / Lapsed,Future,Future,Yes,folder,,2,,4942,414193,0,0,,,,,,,,,,,,,,,,,,0.25,0.25,0.25
210,Abu Dhabi,5251.0,Yes,Ramhan Island development,,Level 0,Eagle Hills,RAMHAN ISLAND,"Saadiyat, Jubail & Ramhan",14,Ramhan Island,Detailed: MinorAmendment (1),Yes,2024,834563,13301,2699,1325,1374,727074,19221,1000,48933,38195,0,140,,,,2026,Identify Phase 1 updates on Overall?,,,Approved but Not Delivered,Committed,Pipeline,,folder,Updated,38,,0,0,0,0,,,,,,,,,,,,,,,,,,,0,1
211,Abu Dhabi,5251.1,No,Ramhan Island development Phase 1,5251.0,Level 1,Eagle Hills,RAMHAN ISLAND,,,,Detailed: MinorAmendment (3),Yes,2023,180783,2079,356,0,356,146593,3152,0,0,31038,0,0,,,,2025,,,,Approved but Not Delivered,Committed,Pipeline,,folder,Updated,0,,0,0,0,0,NA,,,,,,,,,,,,,,,,,,0,NA
212,Abu Dhabi,5251.2,No,Ramhan Island development Phase 2,5251.0,Level 1,Eagle Hills,RAMHAN ISLAND,,,,Detailed: MinorAmendment (2),Yes,2023,111960,1425,234,0,234,111960,0,0,0,0,0,0,,,,2025,,,,Approved but Not Delivered,Committed,Pipeline,,folder,Updated,0,,0,0,0,0,NA,,,,,,,,,,,,,,,,,,0,NA
213,Abu Dhabi,1443.0,Yes,Nurai,,Level 0,Zaya,NOURAI ISLAND,Northern Islands,15,Nourai Island,Detailed: MinorAmendment,Yes,2018,59312,,40,0,40,59312,0,0,0,0,0,0,,,,Completed,,,,Completed,Completed,Completed,,folder,,1,,0,0,0,0,,1,,,,,,,,,,,,,,,,,1,1
214,Abu Dhabi,Ras Al Sader_142,Yes,Ras Al Sader 142 plots,,Level 0,AD Government,AL SHELAYLAH ISLAND,Northern Islands,15,Al Rahba,Pre-Concept,No,NA,TBD,994,142,TBD,142,TBD,TBD,TBD,TBD,TBD,TBD,TBD,,,,TBD,Future project - Pre-concept planning estimated #s,Yes,142,Not Approved / Lapsed,Future,Future,EH,folder,,0,,0,0,0,0,,,,1,,,,,,,,,,,,,,,1,1
215,Abu Dhabi,17407.0,Yes,Wahat Yas,,Level 0,Wahat Al Zaweya,AL BAHYAH,Mainland North,16,Airport District,Detailed,Yes,2023,850000,17259,4263,3252,1011,742875,52672,0,0,54453,0,0,,,,2040,,,,Approved but Not Delivered,Committed,Pipeline,,folder,,2,,11753,338970,22644,120989,,,,,,,,,,,,,,,,,,0.6,0.6,0.6
216,Abu Dhabi,1416.0,Yes,Yas Canal,,Level 0,ICT,AL BAHYAH,Mainland North,16,Airport District,Pre-Concept,No,NA,,8595,1146,,1146,,,,,,,,,,,NA,Land Ownership TBD,Yes,1146,Not Approved / Lapsed,Future,Future,EH,folder,,1,,465,116006,111972,541,,,,,,,,1,,,,,,,,,,,1,1
217,Abu Dhabi,18339.0,Yes,Yas Hills,,Level 0,NA,AL BAHYAH,Mainland North,16,Airport District,Pre-Concept,No,NA,500000,4500,600,0,600,425000,,,,,,,,,,NA,National Housing?,Yes,TBC,Not Approved / Lapsed,Future,Future,EH,folder,,3,,4271,208071,9410,50490,,,,,,,,,,,,,1,,,,,,1,1
218,Abu Dhabi,1035.0,Yes,Al Reef Villas,,Level 0,Manazel,AL REEF,Mainland North,16,Airport District,Detailed,Yes,2008,880763,15933,4194,1818,2376,830503,20080,2250,0,27930,0,0,,,,Completed,,,,Completed,Completed,Completed,,folder,,5,,7917,920258,149,663,,1,,,,,,,,,,,,,,,,,1,1
219,Abu Dhabi,1137.0,Yes,Bawabbat City (Hydra City),,Level 0,Hydra Properties,AL REEF,Mainland North,16,Airport District,Concept,Yes,2009,2465072,30700,8758,,,1622389,120048,100000,215295,198755,179085,29500,,,,NA,No Time extension Awarded yet,,,Approved but Not Delivered,Planned,Pipeline,,folder,,2,,4836,417305,41124,0,,,,,,,,,,,,,,,,,,0.5,0.5,0.5
220,Abu Dhabi,2874.0,No,ATIC- Global Foundries,,Level 0,Global Foundries,AL FALAH,Mainland North,16,Airport District,Concept,Expired,2011,1347054,0,0,0,0,0,0,0,0,0,1347054,0,,,,NA,No Time extension Awarded yet,,,Not Approved / Lapsed,Future,Future,Yes,folder,,2,,110,6388,60,0,NA,,,,,,,,,,,,,,,,,,0,NA
221,Abu Dhabi,2874.1,No,ATIC- GF Phase 1 Detailed MP,2874.0,Level 1,Global Foundries,AL FALAH,Mainland North,16,Airport District,Detailed,Yes,2012,259461,0,0,0,0,0,0,0,0,0,259461,0,,,,NA,,,,Approved but Not Delivered,Committed,Pipeline,,folder,,0,,0,0,0,0,NA,,,,,,,,,,,,,,,,,,0,NA
222,Abu Dhabi,1116.1,Yes,Al Falah Community - Villages 1-5,1116.0,Level 1,Aldar,AL FALAH,Mainland North,16,Al Falah,Detailed,Yes,2009,1807704.164,36240,4832,0,4832,1783137,16567.16418,0,0,8000,0,0,,,,Completed,Emirati Housing MP,Yes,0,Completed,Completed,Completed,,folder,,10,,49267,2815549,58140,0,,1,,,,,,,,,,,,,,,,,1,1
223,Abu Dhabi,1116.5,Yes,Al Falah - Town Centre,1116.0,Level 1,Aldar,AL FALAH,Mainland North,16,Al Falah,Detailed,Yes,2012,881057,9202,1339,343,996,769357,57000,0,0,54700,0,0,,,,Completed,National Housing?,Yes,31,Completed,Completed,Completed,,folder,,10,,5585,465537,432484,5139,,1,,,,,,,,,,,,,,,,,1,1
224,Abu Dhabi,6034.0,Yes,Al Falah Free Zone,,Level 0,ADAC,AL FALAH,Mainland North,16,Al Falah,Detailed (4),,2020,1183717,0,0,0,0,0,423683,160571,0,10883,588580,0,,,,NA,,,,Approved but Not Delivered,Committed,Pipeline,,folder,Updated,11,,0,0,374089,155640,,,,,,,,,,,,,,,,,,1,1,1
225,Abu Dhabi,6034.1,No,"Al Falah Free Zone, Phase 1",6034.0,Level 1,ADAC,AL FALAH,Mainland North,16,Al Falah,Detailed: MinorAmendment,Yes,2023,515195,0,0,0,0,0,972,0,0,9830,504393,0,,,,2027,Phase 1 Updated as a New MP,,,Approved but Not Delivered,Committed,Pipeline,,folder,,0,,0,0,0,0,NA,,,,,,,,,,,,,,,,,,0,NA
226,Abu Dhabi,32379.0,Yes,Al Falah Sector 5,,Level 0,AD Government\Aldar,AL FALAH,Mainland North,16,Al Falah,Detailed,Yes,NA,,,,,,,,,,,,,,,,NA,National Housing?,Yes,0,Approved but Not Delivered,Committed,Pipeline,,folder,,1,,143,28045,0,140276,,,,,1,,,,,,,,,,,,,,1,1
227,Abu Dhabi,ABU MREIKHAH_2,Yes,ABU MREIKHAH_2,,Level 0,AD Government,ABU MREIKHAH,Mainland North,16,Al Rahba,Pre-Concept,No,NA,,,,,,,,,,,,,,,,NA,National Housing,Yes,TBC,Not Approved / Lapsed,Future,Future,EH,folder,,2,,1186,78935,154,0,,,,,,,,,,,,,1,,,,,,1,1
228,Abu Dhabi,1235.0,Yes,Hydra Village,,Level 0,Hydra Properties,RAWDAT AL REEF,Mainland North,16,Al Shahama,Detailed (5),Yes,2017,493899,10480,2874,371,2503,436150,21826,0,0,35923,0,0,,,,2020,,,,Partially Delivered,Committed,Pipeline,,folder,,2,,14994,722750,2900,0,,,,,,,,,,,,,1,,,,,,1,1
229,Abu Dhabi,12698.0,Yes,Al Reef in Rawdat Al Reef,,Level 0,Mismak Properties,RAWDAT AL REEF,Mainland North,16,Al Shahama,Detailed (3),Yes,2022,1438191,27820,432,111,321,1260847,47439,0,20700,109205,0,0,,,,2040,,,,Approved but Not Delivered,Committed,Pipeline,,folder,,29,,27926,1260844,47437,0,,,,,,,,,,,,,,,,,,1,1,1
230,Abu Dhabi,11220.0,Yes,Deerfields Town Square Residential,,Level 0,Mubarak and Brothers Investments LLC,AL BAHYAH,Mainland North,16,Al Shahama,Detailed: TimeExtension,Yes,2023,43006,642,260,260,,36864,6142,0,0,0,0,0,,,,NA,,,,Approved but Not Delivered,Committed,Pipeline,,folder,,1,,488,83564,80382,0,,,,,,,,,,,,,1,,,,,,1,1
231,Abu Dhabi,1169.0,Yes,Deerfield Town Square (Al Bahya AD),,Level 0,Mubarak and Brothers Investments LLC,AL BAHYAH,Mainland North,16,Al Shahama,Detailed,Yes,2009,123931,NA,NA,0,0,0,123931,0,0,0,0,0,,,,Completed,,,,Completed,Completed,Completed,,folder,,0,,0,0,0,0,,1,,,,,,,,,,,,,,,,,1,1
232,Abu Dhabi,21257.0,Yes,Hindu Temple,,Level 0,BAPS,ABU MREIKHAH,Mainland North,16,Al Rahba,Detailed: MinorAmendment (1),Yes,2023,46395,70,28,28,0,3305,2310,7100,0,33679,0,0,,,,2030,,,,Approved but Not Delivered,Committed,Pipeline,,folder,Updated,0,,0,0,0,0,Shared,1,,,,,,,,,,,,,,,,,1,1
233,Abu Dhabi,36016.0,Yes,Al Sader Project National Housing,,Level 0,AD Government / Aldar,AL SADER,Mainland North,16,Al Rahba,Pre-Concept,Yes,NA,3353191,22658,4128,2291,1837,2695089,331015,171417,0,155670,0,0,,,,NA,National Housing,Yes,627,Approved but Not Delivered,Committed,Pipeline,,folder,,7,,6661,942556,63931,70555,,,,1,,,,,,,,,,,,,,,1,1
234,Abu Dhabi,Al Sader Ph2,Yes,Al Sader Project National Housing - Ph2,,Level 0,AD Government / Aldar,AL SADER,Mainland North,16,Al Rahba,Pre-Concept,No,NA,,8737.5,1165,,1165,,,,,,,,,,,NA,National Housing,Yes,1165,Not Approved / Lapsed,Future,Future,EH,folder,,9,,20981,1813669,312527,22958,No,,,1,,,,,,,,,,,,,,,1,1
235,Abu Dhabi,18649.0,Yes,Al Sheleila,,Level 0,AD Government,AL SADER,Mainland North,16,Al Rahba,Detailed,TBD,NA,1257632,7722,1047,191,856,1186834,6200,0,0,60398,4200,0,,,,NA,"Predominantly National Housing, 72 TH included within Apartments",Yes,856,Not Approved / Lapsed,Future,Future,EH,folder,,13,,6899,1073234,5499,0,Yes,,,,,,,,,,,,1,,,,,,1,1
236,Abu Dhabi,Al Bahia North,Yes,Al Bahia North,,Level 0,AD Government / Aldar,AL BAHYAH,Mainland North,16,Al Rahba,Pre-Concept,No,NA,TBD,4200,600,TBD,600,TBD,TBD,TBD,TBD,TBD,TBD,TBD,,,,TBD,Future project - Pre-concept planning estimated #s,Yes,600,Not Approved / Lapsed,Future,Future,EH,folder,,1,,2,127,0,0,,,,,,,,1,,,,,,,,,,,1,1
237,Abu Dhabi,33416.0,Yes,Ba Al Ghailam,,Level 0,AD Government / Aldar,AL BAHYAH,Mainland North,16,Al Reef,Detailed (1),Yes,2023,1423049,19593,3985,1772,2213,1268743,32192,2208,0,118856,0,1050,,,,2025,National Housing,Yes,1743,Approved but Not Delivered,Committed,Pipeline,,folder,,11,,19589,1267543,26700,2300,,,1,,,,,,,,,,,,,,,,1,1
238,Abu Dhabi,33436.0,Yes,Yas Gate,,Level 0,Private,AL BAHYAH,Mainland North,16,Al Reef,Concept,Yes,2023,113356,1050,140,0,140,110050,834,616,0,1856,0,0,,,,2026,,,,Approved but Not Delivered,Planned,Pipeline,,folder,Updated,1,,196,11409,0,0,,,,,,1,,,,,,,,,,,,,1,1
239,Abu Dhabi,Al Hanyourah,Yes,Al Hanyourah,,Level 0,NA,AL HANYOURAH,Mainland North,16,New Port City,Pre-Concept,No,NA,,,,,,,,,,,,,,,,NA,,,,Not Approved / Lapsed,Future,Future,Yes,folder,,0,,0,0,0,0,,,,,,,,,,,,,,,,,,0,0,0
240,Abu Dhabi,5000.0,Yes,KIZAD MP,,Level 0,Abu Dhabi Ports,AL MA`MOURAH,Kizad,17,New Port City,Detailed: Minor Amendment (6),Yes,2018,12108742,0,0,0,0,0,21063,203849,24500,65297,11794033,0,,,,NA,,,,Partially Delivered,Committed,Pipeline,,folder,,44,,112,5303,0,219,,,,,,,,,,,,,,,,,,0.7,0.7,1
241,Abu Dhabi,5000.34,Yes,KIZAD Area B,,Level 0,Abu Dhabi Ports,KHALIFA INDUSTRIAL,Kizad,17,New Port City,Detailed: MinorAmendment,Yes,2023,60804264,209564,31140,31140,0,2816546,754374,5929267,12000,331244,50960833,0,,,,2050,Group Quarters (Units),,,Approved but Not Delivered,Committed,Pipeline,,folder,,52,,50736,2276497,2229018,2240134,,,,,,,,,,,,,,,,,,0.35,0.35,1
242,Abu Dhabi,12805.0,Yes,Al Samha Emirati Housing,,Level 0,AD Government,AL SAMHAH,Kizad,17,New Port City,Detailed,Yes,2016,162525,2050,265,0,265,161650,0,0,0,875,0,0,,,,Completed,Emirati Housing MP,Yes,0,Completed,Completed,Completed,,folder,,1,,1070,21986,14,0,,1,,,,,,,,,,,,,,,,,1,1
243,Abu Dhabi,35581.0,Yes,Al Samha 242 Villas,,Level 0,AD Government / Q Properties,AL SAMHAH,Kizad,17,New Port City,Detailed,Yes,2023,126157,1839,242,0,242,122210,1929,0,0,2018,0,0,,,,2025,National Housing,Yes,242,Approved but Not Delivered,Committed,Pipeline,,folder,,1,,39,96,0,0,,,1,,,,,,,,,,,,,,,,1,1
244,Abu Dhabi,Samha New Housing - Ph 1,Yes,Samha New Housing - Ph 1,,Level 0,AD Government,MUWAYLIH,Kizad,17,New Port City,Pre-Concept,No,NA,,,,,,,,,,,,,,,,NA,National Housing,Yes,,Not Approved / Lapsed,Future,Future,EH,folder,,2,,0,0,107379,171807,,,,,,,,,,,,,1,,,,,,1,1
245,Abu Dhabi,Samha New Housing - Ph 2,Yes,Samha New Housing - Ph 2,,Level 0,AD Government,KHALIFA INDUSTRIAL,Kizad,17,New Port City,Pre-Concept,No,NA,,,,,,,,,,,,,,,,NA,National Housing,Yes,,Not Approved / Lapsed,Future,Future,EH,folder,,3,,35,952,40,0,,,,,,,,,,,,,,,,,,1,1,1
246,Abu Dhabi,Samha New Housing - Ph 3,Yes,Samha New Housing - Ph 3,,Level 0,AD Government,KHALIFA INDUSTRIAL,Kizad,17,New Port City,Pre-Concept,No,NA,,,,,,,,,,,,,,,,NA,National Housing,Yes,,Not Approved / Lapsed,Future,Future,EH,folder,,17,,0,0,861295,1372318,,,,,,,,,,,,,,,,,,0.6,0.6,0.6
247,Abu Dhabi,21592.0,Yes,Merzab Community Development,,Level 0,Manazel,AL SAMHAH,Kizad,17,New Port City,Detailed (2),Yes,2021,83138,1614,739,739,0,74559,7201,0,0,1378,0,0,,,,2024,,,,Approved but Not Delivered,Committed,Pipeline,,folder,,0,,0,0,0,0,,,,,,,,,,,,,1,,,,,,1,1
248,Abu Dhabi,6003.0,Yes,Manazel Al Reef,,Level 0,Manazel,AL SAMHAH,Kizad,17,New Port City,Detailed (2),Yes,2014,141750,4091,860,0,860,120400,3000,700,0,17650,0,0,,,,Completed,,,,Completed,Completed,Completed,,folder,,1,,3382,434880,4400,0,,1,,,,,,,,,,,,,,,,,1,1
249,Abu Dhabi,1086.1,Yes,Al Ghadeer Phase 1,1086.0,Level 1,Aldar,AL LAYYAN,Ghantoot,18,Ghantoot,Detailed (2),Yes,2010,255361,5518,2132,1460,672,229304,3810,0,0,22247,0,0,,,,Completed,,,,Completed,Completed,Completed,,folder,,4,,1475,113552,98,0,,1,,,,,,,,,,,,,,,,,1,1
250,Abu Dhabi,1086.3,Yes,Al Ghadeer Phases 2-4,1086.0,Level 1,Aldar,AL LAYYAN,Ghantoot,18,Ghantoot,Detailed: MinorAmendment (2),Yes,2018,1559895,43554,14671,12186,2485,1302879.94,40350,27700,25153,156970,0,6841,,,,2030,,,,Partially Delivered,Committed,Pipeline,,folder,,12,,11,815,0,0,,,,,,,,,,,,,,,,,,0.6,0.6,0.6
251,Abu Dhabi,14135.0,Yes,Seih Al Sedeirah,,Level 0,Aldar,AL LAYYAN,Ghantoot,18,Ghantoot,Enquiry,No,NA,3114000,1200,240,,240,1344000,20000,,30000,950000,750000,20000,50000,,900000,NA,,,,Not Approved / Lapsed,Future,Future,Yes,folder,,0,,0,0,0,0,,,,,,,,,,,,,,,,,,0,0,0
252,Abu Dhabi,1104.0,Yes,Ghantoot Green City,,Level 0,ICT,GHADEER AL TAYR,Ghantoot,18,Ghantoot,Concept,Expired,2009,,,,,,,,,,,,,,,,NA,No Time extension Awarded yet,,,Not Approved / Lapsed,Future,Future,Yes,folder,,1,,0,0,0,1403,,,,,,,,,,,,,,,,,,0,0,0
253,Abu Dhabi,1104.x,No,Ghantoot Green City - Phase 1,,Level 1,ICT,GHADEER AL TAYR,Ghantoot,18,Ghantoot,Concept,Expired,2009,,,,,,,,,,,,,,,,NA,,,,Not Approved / Lapsed,Future,Future,No,folder,,0,,0,0,0,0,NA,,,,,,,,,,,,,,,,,,0,NA
254,Abu Dhabi,10234.0,Yes,Ghantoot Master Plan - Theme Park,,Level 0,ICT,AL LAYYAN,Ghantoot,18,Ghantoot,Pre-Concept,No,2015,,,,,,,,,,,,,,,,NA,,,,Not Approved / Lapsed,Future,Future,Yes,folder,,0,,0,0,0,0,,,,,,,,,,,,,,,,,,0,0,0
255,Abu Dhabi,15690.0,Yes,Ghantoot Hotel & Resort,,Level 0,Manazel,GHANTOUT,Ghantoot,18,Ghantoot,Detailed (2),Yes,2019,296531,5542,912,,912,247379,4365,2900,17290,24597,0,0,,,,2023,,,,Approved but Not Delivered,Committed,Pipeline,,folder,,1,,278,85977,2090,18861,,,,,,,,,,,,,,,,,,,0,1
256,Abu Dhabi,17158.1,No,Qasr Al Jurf Amended CMP,,Level 0,IMKAN,GHADEER AL TAYR,Ghantoot,18,Ghantoot,Concept (1),Yes,NA,476384,5804,906,0,539,412576,5150,0,45280,13378.11,0,0,,,,NA,,,,Approved but Not Delivered,Planned,Pipeline,,folder,,0,,0,0,0,0,NA,,,,,,,,,,,,,,,,,,0,NA
257,Abu Dhabi,17158.0,Yes,Qasr Al Jurf,17158.1,Level 1,IMKAN,GHADEER AL TAYR,Ghantoot,18,Ghantoot,Detailed: MinorAmendment (9),Yes,2023,192147,2687,451,0,451,182241,1750,0,0,8156,0,0,,,,2024,,,,Approved but Not Delivered,Committed,Pipeline,,folder,,1,,4,495,0,0,,,,,,,,,,,,,,,,,,,0,1
258,Abu Dhabi,17158.3,Yes,Qasr Al Jurf - Phase 2B,17158.1,Level 1,IMKAN,GHADEER AL TAYR,Ghantoot,18,Ghantoot,Detailed: MinorAmendment,Yes,2023,120235,850,88,0,88,69485,1000,,45280,4470,,,,,,2028,,,,Approved but Not Delivered,Committed,Pipeline,,folder,,1,,29,3823,0,102,,,,,,,,,,,,,,,,,,,0,1
259,Abu Dhabi,17158.4,Yes,Qasr Al Jurf - Phase 3,17158.1,Level 1,IMKAN,GHADEER AL TAYR,Ghantoot,18,Ghantoot,Detailed,Yes,2023,164002,2267,367,0,0,160850,2400,0,0,752.11,0,0,,,,2026,,,,Approved but Not Delivered,Committed,Pipeline,,folder,,2,,22,3001,0,0,,,,,,,,,,,,,,,,,,,0,1
260,Abu Dhabi,AL SMEEH_21,Yes,AL SMEEH_21,,Level 0,AD Ports,AL SMEEH,Ghantoot,18,Ghantoot,Pre-Concept,No,NA,,,,,,,,,,,,,,,,NA,,,,Not Approved / Lapsed,Future,Future,No,folder,,1,,62,35998,910,1479,,,,,,,,,,,,,,,,,,0,0,0
261,Abu Dhabi,GHANADHAH_2,Yes,GHANADHAH_2,,Level 0,AD Ports,GHANADHAH,Ghantoot,18,Ghantoot,Pre-Concept,No,NA,,,,,,,,,,,,,,,,NA,,,,Not Approved / Lapsed,Future,Future,No,folder,,0,,0,0,0,0,,,,,,,,,,,,,,,,,,0,0,0
262,Abu Dhabi,10005.0,Yes,Al Wathba Desert Resort,,Level 0,Private,MSHAYRIF,Abu Dhabi Outer,19,Abu Dhabi,Detailed (2),Yes,2015,21000,NA,NA,0,0,0,0,0,21000,0,0,0,,,,2024,,,,Completed,Completed,Completed,,folder,,0,,0,0,0,0,,1,,,,,,,,,,,,,,,,,1,1
263,Abu Dhabi,26239.0,Yes,Data Center Master Plan,,Level 0,Group 42,ZAYED MILITARY CITY,Abu Dhabi Outer,19,Abu Dhabi,Detailed,Yes,2020,136682,0,0,0,0,0,0,3922,0,886,6455,127419,,,,2028,,,,Approved but Not Delivered,Committed,Pipeline,,folder,,1,,0,0,0,0,,,,,,1,,,,,,,,,,,,,1,1
264,Abu Dhabi,Al Falah East,Yes,Al Falah East,,Level 0,AD Government,ZAYED MILITARY CITY,Abu Dhabi Outer,19,Abu Dhabi,Pre-Concept,No,NA,TBD,3500,500,TBD,500,TBD,TBD,TBD,TBD,TBD,TBD,TBD,,,,NA,Future project - Pre-concept planning estimated #s,Yes,500,Not Approved / Lapsed,Future,Future,EH,folder,,1,,31,0,0,6834,,,,,,,,,,,,,,,,,,1,1,1
265,Abu Dhabi,Zayed Military city,Yes,Zayed Military city,,Level 0,AD Government,ZAYED MILITARY CITY,Abu Dhabi Outer,19,Abu Dhabi,Pre-Concept,No,NA,TBD,9870,1410,TBD,1410,TBD,TBD,TBD,TBD,TBD,TBD,TBD,,,,NA,Future project - Pre-concept planning estimated #s,Yes,1410,Not Approved / Lapsed,Future,Future,EH,folder,,1,,18,0,0,0,,,,,,,,,,,,,,,,,,1,1,1
266,Abu Dhabi,33450.0,Yes,Tawazun Industrial Park Phase 2,,Level 0,Tawazun Industrial Park,ZAYED MILITARY CITY,Abu Dhabi Outer,19,Abu Dhabi,Concept,Yes,2023,4755479,12000,3580,0,0,200000,35587,416749,0,60891.74,4042251.58,0,,,,2031,,,,Approved but Not Delivered,Planned,Pipeline,,folder,,1,,0,5,154,0,,,,,,,,,,,,,,,,,,0.05,0.05,1
267,Abu Dhabi,18650.0,Yes,Al Khatim,,Level 0,AD Government,AL KHATM,Abu Dhabi Outer,19,Abu Dhabi,Concept,No,2019,TBD,973,139,TBD,139,TBD,TBD,TBD,TBD,TBD,TBD,TBD,,,,NA,Future project - Pre-concept planning estimated #s,Yes,139,Not Approved / Lapsed,Future,Future,EH,folder,,1,,0,0,0,0,,,,,,,,,,,,,,,,,,1,1,1
268,Abu Dhabi,Al Faya Industrial - New,Yes,Al Faya Industrial - New,,Level 0,AD Government,AL `ASHEESH,Abu Dhabi Outer,19,Abu Dhabi,Pre-Concept,No,NA,,,,,,,,,,,,,,,,NA,,,,Not Approved / Lapsed,Future,Future,No,folder,,1,,10,2186,144,0,,,,,,,,,,,,,,,,,,0,0,0
