Municipality,ProjectID,Include in Summary,Project Name,DistrictID,District,Regional_Subregional Centre_District,District Centre,Centre or Non Centre,Approved,Approval Year,Approved Completion Year,Notes,EH,Phasing_Note,Planning Status,Delivery Status,Status,Major,Total GFA,Residential Population,Residential (GFA),Residential % Committed,Residential - Villas Emiratis (Units),Residential - Villas Emiratis % Committed,Residential - Villas Non-Emiratis (Units),Residential - Villas Non-Emiratis % Committed,Residential - Apartments (Units),Residential - Apartments % Committed,Residential - Labour Accommodation (Units),Residential - Labour Accommodation % Committed,Retail (GFA),Retail % Committed,Office (GFA),Office % Committed,Industrial (GFA),Industrial % Committed,Hotel (Units),Hotel (GFA),Hotel % Committed,Community Facilities (GFA),Community Facilities % Committed,Healthcare (GFA),Healthcare % Committed,Education (GFA),Education % Committed,Other (GFA),Other % Committed,Demolish Existing Buildings or Not (Yes/No),2024,2025,2026,2027,2028,2029,2030,2031,2032,2033,2034,2035,2036,2037,2038,2039,2040
Abu Dhabi,23037.4,No,Bloom District Phase 2,400,ZAYED CITY,ZAYED CITY,0,NonCentre,Yes,2024,2027,0,0,Approved but Not Delivered,Committed,Pipeline,Committed,0,"430,626","7,898",0,1,0,0,152,1,0,100%,0,0%,"21,063",100%,203849,25%,11794033,70%,306.25,2450000%,0,?,?,0%,1,0%,1,0%,1,,,,,,,,,,,,,,,,,,
Abu Dhabi,1238,Yes,Marasy,1300,AL BATEEN,AL BATEEN,0,NonCentre,Yes,2010,Completed,0,0,Completed,Completed,Completed,Committed,0,"62,590",593,"1,783,137",1,0,0,33,1,0,100%,0,0%,"16,567",100%,0,100%,0,50%,0,0%,1,?,?,160000%,1,640000%,1,0%,1,,,,,,,,,,,,,,,,,,
Abu Dhabi,1113.2.1,Yes,IKEA,1330,YAS ISLAND,YAS ISLAND,0,NonCentre,Yes,2010,Completed,0,0,Completed,Completed,Completed,Committed,0,"62,657",0,"469,871",0,0,0,0,1,"5,526",0%,0,0%,"67,595",0%,1058344,0%,"7,908,330",13%,0,0%,1,?,?,0%,0,0%,0,0%,0,,,,,,,,,,,,,,,,,,
Abu Dhabi,ABU MREIKHAH_2,Yes,ABU MREIKHAH_2,1311,ABU MREIKHAH,ABU MREIKHAH,0,NonCentre,No,NA,NA,National Housing,Yes,Not Approved / Lapsed,Future,Future,Future,EH,,,0,1,"4,608",1,0,0,0,0%,0,0%,0,0%,0,0%,0,0%,0,0%,0,?,?,3870720%,1,15482880%,1,0%,1,,,,,,,,,,,,,,,,,,
Abu Dhabi,Rabdan,Yes,Rabdan,,,,0,NonCentre,,,0,0,Yes,Future,Future,0,0,BH,,,TBD,1,0,1,0,0,TBD,0%,0,0%,TBD,0%,TBD,0%,TBD,0%,0,TBD,0,?,?,3360000%,1,13440000%,1,0%,1,,,,,,,,,,,,,,,,,,
Abu Dhabi,Mina Zayed,No,Mina Zayed Vision,1288,ZAYED PORT,ZAYED PORT,0,NonCentre,No,NA,NA,Preliminary Framework plan - Residential Focus may be tempered in future revisions,0,Not Approved / Lapsed,Future,Future,Future,No,"6,222,400","118,800","227,793",1,0,0,0,1,0,100%,0,0%,228569,10%,228569,10%,3425845,100%,0,0%,1,?,?,0%,1,0%,1,0%,1,,,,,,,,,,,,,,,,,,
Abu Dhabi,1527.1,Yes,Musafah Garden Residential Tower,38,MUSAFFAH,MUSAFFAH,0,NonCentre,Yes,2013,Completed,0,0,Completed,Completed,Completed,Committed,0,"69,268",NA,0,0,0,0,"5,519",1,NA,0%,0,0%,0,0%,0,0%,0,0%,120,0%,1,?,?,0%,0,0%,0,0%,0,,,,,,,,,,,,,,,,,,
Abu Dhabi,2115.2.1,Yes,AD International Hotel AD Shooting Club,26,KHALIFA CITY,KHALIFA CITY,0,NonCentre,Yes,2009,2020,0,0,Partially Delivered,Committed,Pipeline,Committed,0,"40,065",0,"2,816,546",1,0,0,0,1,0,100%,0,0%,"754,374",0%,5929267,0%,50960833,35%,150,1200000%,0,?,?,0%,1,0%,1,0%,1,,,,,,,,,,,,,,,,,,
Abu Dhabi,1007.45,Yes,Beach District MP,1347,AL SAADIYAT ISLAND,AL SAADIYAT ISLAND,0,NonCentre,Yes,2022,2025,0,0,Partially Delivered,Committed,Pipeline,Committed,0,"1,483,353","8,553",0,1,0,0,NA,1,0,100%,0,0%,"306,000",100%,47477,100%,6587534,45%,0,0%,1,?,?,0%,1,0%,1,0%,1,,,,,,,,,,,,,,,,,,
Abu Dhabi,13222.1,No,Musaffah - DMT MP ,38,MUSAFFAH,MUSAFFAH,Musaffah,Centre,TBD,NA,NA,"Urban Revitalization, Assumed 85 Sqm/ Unit",0,Not Approved / Lapsed,Future,Future,Future,No,"5,391,544","114,000","4,094,339",0,0,0,"1,410",1,NA,0%,0,0%,479124.8,0%,255118.4,0%,267563.2,0%,804.6206897,9333600%,0,?,?,0%,0,0%,0,0%,0,,,,,,,,,,,,,,,,,,
Abu Dhabi,1007.42.4,Yes,Saadiyat Lagoons,1347,AL SAADIYAT ISLAND,AL SAADIYAT ISLAND,0,NonCentre,Yes,2024,2028,0,0,Approved but Not Delivered,Committed,Pipeline,Committed,0,"1,879,369","20,359","11,289",1,0,0,0,1,0,100%,0,0%,"5,644",0%,"8,467",0%,6031803,51%,0,0%,1,?,?,0%,1,0%,1,0%,1,,,,,,,,,,,,,,,,,,
Abu Dhabi,10005,Yes,Al Wathba Desert Resort,1249,MSHAYRIF,MSHAYRIF,0,NonCentre,Yes,2015,2024,0,0,Completed,Completed,Completed,Committed,0,"21,000",NA,"770,169",1,0,0,0,0,0,100%,0,0%,"41,666",100%,0,100%,0,100%,0,0%,1,?,?,1154660%,1,4618640%,1,0%,1,,,,,,,,,,,,,,,,,,
Abu Dhabi,1115.1,Yes,Al Raha Gardens Attached Housing,26,KHALIFA CITY,KHALIFA CITY,0,NonCentre,Yes,2013,Completed,0,0,Completed,Completed,Completed,Committed,0,"64,693",980,0,1,0,0,465,1,0,100%,0,0%,0,100%,0,100%,0,100%,0,0%,1,?,?,22400000%,1,0%,1,0%,1,,,,,,,,,,,,,,,,,,
Abu Dhabi,25087,Yes,MIZA Master Plan,1288,ZAYED PORT,ZAYED PORT,0,NonCentre,Yes,2023,2026,0,0,Partially Delivered,Planned,Pipeline,Committed,Yes,"248,987","2,116",0,1,0,0,0,1,0,100%,0,0%,21200,100%,0,100%,0,100%,300,2400000%,1,?,?,0%,1,0%,1,0%,1,,,,,,,,,,,,,,,,,,
Abu Dhabi,5251,Yes,Ramhan Island development,34,RAMHAN ISLAND,RAMHAN ISLAND,0,NonCentre,Yes,2024,2026,Identify Phase 1 updates on Overall?,0,Approved but Not Delivered,Committed,Pipeline,Committed,0,"834,563","13,301",0,1,0,0,0,1,0,100%,0,0%,0,100%,0,100%,0,100%,0,0%,1,?,?,0%,1,0%,1,0%,1,,,,,,,,,,,,,,,,,,
Abu Dhabi,1115,Yes,Al Raha Gardens,26,KHALIFA CITY,KHALIFA CITY,0,NonCentre,Yes,2009,Completed,0,0,Completed,Completed,Completed,Committed,0,"423,162","12,250","1,493,100",1,0,0,91,1,0,100%,0,0%,50500,0%,0,100%,0,100%,0,0%,1,?,?,1813580%,1,7254320%,1,0%,1,,,,,,,,,,,,,,,,,,
Abu Dhabi,1072,Yes,"Shams, Reem Island",57,AL REEM ISLAND,AL REEM ISLAND,Downtown,Centre,Yes,2018,2022,0,0,Partially Delivered,Committed,Pipeline,Committed,0,"5,072,548","65,258",0,1,0,0,0,1,0,100%,0,0%,0,100%,0,100%,0,100%,0,0%,1,?,?,0%,1,0%,1,0%,1,,,,,,,,,,,,,,,,,,
Abu Dhabi,18339,Yes,Yas Hills,1279,AL BAHYAH,AL BAHYAH,0,NonCentre,No,NA,NA,National Housing?,Yes,Not Approved / Lapsed,Future,Future,Future,EH,"500,000","4,500",0,1,996,1,0,0,0,100%,0,0%,0,100%,0,100%,0,100%,0,0%,1,?,?,0%,1,0%,1,0%,1,,,,,,,,,,,,,,,,,,
Abu Dhabi,1783,Yes,Makers District ,57,AL REEM ISLAND,AL REEM ISLAND,Downtown,Centre,Yes,2020,2022,0,0,Partially Delivered,Committed,Pipeline,Committed,0,"714,715","8,482",0,1,0,0,0,1,0,100%,0,0%,65100,50%,273679,25%,149336,100%,225,1800000%,4,?,?,0%,1,0%,1,0%,1,,,,,,,,,,,,,,,,,,
Abu Dhabi,KizadCentre,Yes,Kizad Centre,1281,KHALIFA INDUSTRIAL,KHALIFA INDUSTRIAL,0,NonCentre,Yes,,0,0,0,Future,Future,Future,0,0,,,0,1,0,0,0,1,0,100%,0,0%,"380,000",100%,32051,100%,0,100%,430.05,3440400%,1,?,?,0%,1,0%,1,0%,1,,,,,,,,,,,,,,,,,,
Abu Dhabi,1114.1,Yes,Luluat Al Raha,1345,AL RAHAH,AL RAHAH,0,NonCentre,Yes,2017,2020,0,0,Partially Delivered,Committed,Pipeline,Committed,0,"474,423","8,602","314,960",0,0,0,85,1,0,100%,0,0%,"14,372",0%,25828,0%,0,0%,705.3625,5642900%,0,?,?,0%,0,0%,0,0%,0,,,,,,,,,,,,,,,,,,
Abu Dhabi,2115.15,No,AD Intl. Shooting Club Staff Acc.,26,KHALIFA CITY,KHALIFA CITY,0,NonCentre,Yes,2010,Completed,0,0,Completed,Completed,Completed,Committed,0,"20,301","1,068",0,0.7,0,0,0,1,0,70%,0,0%,"18,542",60%,"41,510",30%,558580,60%,0,0%,0.6,?,?,0%,0.7,0%,0.7,0%,0.7,,,,,,,,,,,,,,,,,,
Abu Dhabi,1001.21,Yes,Masdar Phase 4,26,KHALIFA CITY,KHALIFA CITY,Airport,Centre,Yes,2021,2030,0,0,Approved but Not Delivered,Committed,Pipeline,Committed,0,"921,883","21,850",0,1,0,0,0,0,0,100%,0,0%,24154,100%,0,100%,0,100%,644.6637931,7478100%,1,?,?,0%,1,0%,1,0%,1,,,,,,,,,,,,,,,,,,
Abu Dhabi,18649,Yes,Al Sheleila,30,AL SADER,AL SADER,0,NonCentre,TBD,NA,NA,"Predominantly National Housing, 72 TH included within Apartments",Yes,Not Approved / Lapsed,Future,Future,Future,EH,"1,257,632","7,722","11,400,000",1,0,0,0,0,0,100%,0,0%,"859,332",100%,"1,000,000",100%,"75,313",100%,"13,413",107300000%,1,?,?,0%,1,0%,1,0%,1,,,,,,,,,,,,,,,,,,
Abu Dhabi,1113.25,Yes,"Zone D, Theme Park - Sea World",1330,YAS ISLAND,YAS ISLAND,Yas Island,Centre,Yes,2016,2026,0,0,Completed,Completed,Completed,Committed,0,"571,242",0,0,1,0,0,0,0,0,100%,0,0%,33100,100%,37000,100%,0,100%,500.8125,4006500%,1,?,?,0%,1,0%,1,0%,1,,,,,,,,,,,,,,,,,,
Abu Dhabi,6034,Yes,Al Falah Free Zone,31,AL FALAH,AL FALAH,Airport,Centre,Yes,2023,NA,0,0,Approved but Not Delivered,Committed,Pipeline,Committed,0,"515,194",0,0,0,0,0,19,1,0,0%,0,0%,0,0%,0,0%,0,0%,0,0%,0,?,?,1360800%,0,5443200%,0,0%,0,,,,,,,,,,,,,,,,,,
Abu Dhabi,1582.2,Yes,Qasr Al Hosn,1293,AL HISN,AL HISN,0,NonCentre,Yes,2016,Completed,0,0,Completed,Completed,Completed,Committed,0,"32,998",0,"1,344,000",0,0,0,42,0.7,0,0%,0,0%,"20,000",0%,0,0%,750000,0%,375,3000000%,0,?,?,0%,0,5000000%,0,90000000%,0,,,,,,,,,,,,,,,,,,
Abu Dhabi,28240,Yes,Al Bahrani Island_The Grove Development Master Plan,1312,AL HALAH ISLAND,AL HALAH ISLAND,0,NonCentre,No,NA,NA,Enquiry Submission Only,0,Not Approved / Lapsed,Future,Future,Future,Yes,"346,030","1,005","194,849",0,0,0,134,1,967,0%,0,0%,33710,0%,166211,0%,0,0%,798,6380800%,0,?,?,0%,0,0%,0,0%,0,,,,,,,,,,,,,,,,,,
Abu Dhabi,1113.6.12.3,Yes,Sustainable City - Yas Island,1330,YAS ISLAND,YAS ISLAND,0,NonCentre,Yes,2023,2025,0,0,Approved but Not Delivered,Committed,Pipeline,Committed,0,"158,691","3,514",TBD,1,0,0,0,1,TBD,0%,0,0%,TBD,0%,TBD,0%,TBD,0%,0,TBD,0,?,?,1184400%,1,4737600%,1,0%,1,,,,,,,,,,,,,,,,,,
Abu Dhabi,1236,Yes,Rawdhat Abu Dhabi,1289,AL MUNTAZAH,AL MUNTAZAH,0,NonCentre,Yes,2017,2020,0,0,Partially Delivered,Committed,Pipeline,Committed,0,"839,156","11,567","50,658",0,0,0,0,1,424,0%,0,0%,"23,509",0%,76560,30%,0,100%,268.05,2144400%,0,?,?,0%,0,0%,0,0%,0,,,,,,,,,,,,,,,,,,
Abu Dhabi,2275,Yes,PI High School Accommodation,26,KHALIFA CITY,KHALIFA CITY,0,NonCentre,Yes,2010,Completed,0,0,Completed,Completed,Completed,Committed,0,"24,521",NA,0,0,0,0,0,0.6,0,0%,0,0%,0,0%,0,0%,"1,347,054",0%,0,0%,0,?,?,0%,0,0%,0,0%,0,,,,,,,,,,,,,,,,,,
Abu Dhabi,12222,Yes,Armed Forces Officers Club Expansion,1287,AL MUZOUN,AL MUZOUN,0,NonCentre,Yes,,2045,0,0,Partially Delivered,Committed,Pipeline,Committed,0,"222,562",900,0,0,0,0,0,1,0,0%,0,0%,"267,167",0%,441540,0%,39102,0%,2528.475,20227800%,0,?,?,0%,0,0%,0,0%,0,,,,,,,,,,,,,,,,,,
Abu Dhabi,1113.6,Yes,"Yas Acres - Northern Yas, Phase 1",1330,YAS ISLAND,YAS ISLAND,0,NonCentre,Yes,2022,2027,0,0,Partially Delivered,Committed,Pipeline,Committed,0,"846,283","14,881",0,0,0,0,"1,374",1,0,0%,0,0%,0,0%,0,0%,0,0%,0,0%,0,?,?,978600%,0,3914400%,0,0%,0,,,,,,,,,,,,,,,,,,
Abu Dhabi,1251.3,Yes,"Kasser Al Amwaj
",1296,AL KASIR,AL KASIR,Palaces,Centre,Yes,2016,Completed,0,0,Completed,Completed,Completed,Committed,0,"122,974","1,199",0,1,0,0,849,1,0,100%,0,0%,0,0%,0,0%,0,0%,0,0%,0,?,?,962640%,1,3850560%,1,0%,1,,,,,,,,,,,,,,,,,,
Abu Dhabi,1113,No,Yas Island Framework,1330,YAS ISLAND,YAS ISLAND,Yas Island,Centre,Yes,2022,NA,Summation of All Approved Sub Master Plans,0,Partially Delivered,Planned,Pipeline,Committed,0,"10,568,260","161,354",0,1,0,0,0,1,0,100%,0,0%,0,100%,0,100%,0,100%,0,0%,1,?,?,0%,1,0%,1,0%,1,,,,,,,,,,,,,,,,,,
Abu Dhabi,5666,Yes,Al Ain University technology,48,MOHAMED BIN ZAYED CITY,MOHAMED BIN ZAYED CITY,0,NonCentre,Yes,2013,Completed,0,0,Completed,Completed,Completed,Committed,0,"43,939",NA,0,1,0,0,0,0,0,100%,0,0%,"5,519",100%,432,100%,0,100%,0,0%,1,?,?,0%,1,0%,1,0%,1,,,,,,,,,,,,,,,,,,
Abu Dhabi,1042,Yes,Danet Abu Dhabi,1298,AL SA'ADAH,AL SA'ADAH,Zayed Sports City,Centre,Yes,2022,2025,0,0,Partially Delivered,Committed,Pipeline,Committed,0,"976,342","19,560","690,720",1,0,0,699,1,0,100%,0,0%,0,100%,0,100%,0,100%,0,0%,1,?,?,0%,1,0%,1,0%,1,,,,,,,,,,,,,,,,,,
Abu Dhabi,1119,Yes,Nareel Island,1300,AL BATEEN,AL BATEEN,Palaces,Centre,Yes,2020,2020,0,0,Partially Delivered,Committed,Pipeline,Committed,0,"225,107","1,199",0,1,0,0,356,1,0,100%,0,0%,"1,550",100%,29450,100%,0,100%,0,0%,1,?,?,0%,1,0%,1,0%,1,,,,,,,,,,,,,,,,,,
Abu Dhabi,1239,Yes,MBZ-17/1 City Villa Compound,48,MOHAMED BIN ZAYED CITY,MOHAMED BIN ZAYED CITY,0,NonCentre,Yes,2009,Completed,0,0,Completed,Completed,Completed,Committed,0,"55,000",NA,0,1,0,0,0,1,0,100%,0,0%,0,100%,0,100%,0,100%,0,0%,1,?,?,0%,1,0%,1,0%,1,,,,,,,,,,,,,,,,,,
Abu Dhabi,1001.8,No,Masdar Amended CMP,26,KHALIFA CITY,KHALIFA CITY,Airport,Centre,Yes,2022,NA,0,0,Partially Delivered,Committed,Pipeline,Committed,0,"3,706,800","64,062",0,1,0,0,0,1,0,100%,0,0%,0,100%,0,100%,0,100%,0,0%,1,?,?,0%,1,0%,1,0%,1,,,,,,,,,,,,,,,,,,
Abu Dhabi,1113.6.12.1,Yes,Yas Living - Noya 1,1330,YAS ISLAND,YAS ISLAND,0,NonCentre,Yes,2020,2025,0,0,Approved but Not Delivered,Committed,Pipeline,Committed,0,"84,220","2,417",0,1,0,0,0,1,0,100%,0,0%,"128,169",50%,"184,853",60%,0,100%,563,4500000%,1,?,?,0%,1,0%,1,0%,1,,,,,,,,,,,,,,,,,,
Abu Dhabi,1114,Yes,Al Raha Beach (East),1345,AL RAHAH,AL RAHAH,0,NonCentre,Yes,2014,NA,Updates to MP at Indiv. Plot level changes are not recorded in the approval #s,0,Partially Delivered,Committed,Pipeline,Committed,0,"3,281,936","62,084",0,1,0,0,0,1,0,100%,0,0%,0,100%,0,100%,0,100%,0,0%,1,?,?,0%,1,0%,1,0%,1,,,,,,,,,,,,,,,,,,
Abu Dhabi,21703,Yes,Baniyas North MP,64,AL SHAWAMEKH,AL SHAWAMEKH,Al Shawamekh,Centre,Yes,2022,2023,National Housing,Yes,Approved but Not Delivered,Committed,Pipeline,Committed,0,"3,679,147","32,568",0,1,0,1,0,0,0,100%,0,0%,972,100%,0,100%,"504,393",100%,0,0%,1,?,?,0%,1,0%,1,0%,1,,,,,,,,,,,,,,,,,,
Abu Dhabi,1443,Yes,Nurai,1339,NOURAI ISLAND,NOURAI ISLAND,0,NonCentre,Yes,2018,Completed,0,0,Completed,Completed,Completed,Committed,0,"59,312",,"1,186,834",0,0,0,672,1,191,0%,0,0%,"6,200",0%,0,0%,4200,0%,0,0%,0,?,?,1207960%,0,4831840%,0,0%,0,,,,,,,,,,,,,,,,,,
Abu Dhabi,1113.5,Yes,Royal Group Phase 1 Villas,1330,YAS ISLAND,YAS ISLAND,0,NonCentre,Yes,2010,Completed,Emirati Housing MP,Yes,Completed,Completed,Completed,Committed,0,"257,415","2,733",0,1,0,1,0,0,0,100%,0,0%,389916,100%,40000,100%,0,100%,0,0%,1,?,?,0%,1,0%,1,0%,1,,,,,,,,,,,,,,,,,,
Abu Dhabi,1999,No,H1-Workers Resid. Cities. Hameem,1333,AL BIHOUTH,AL BIHOUTH,0,NonCentre,Yes,2009,Completed,0,0,Completed,Completed,Completed,Committed,0,TBC,0,"943,650",1,0,0,0,1,0,100%,0,0%,9316,100%,0,100%,0,0%,0,0%,1,?,?,718460%,1,2873840%,1,0%,1,,,,,,,,,,,,,,,,,,
Abu Dhabi,1251,No,Marina Village,1296,AL KASIR,AL KASIR,Palaces,Centre,,,NA,Summation of All Approved Sub Master Plans,0,Partially Delivered,Planned,Pipeline,Committed,0,"24,535,393","196,758",TBD,1,0,0,0,1,TBD,0%,0,0%,TBD,0%,TBD,0%,TBD,0%,0,TBD,0,?,?,504000%,1,2016000%,1,0%,1,,,,,,,,,,,,,,,,,,
Abu Dhabi,Mafraq,yes,Mafraq,,,,,,,,0,0,Yes,future,future,future,future,BH,,,"133,369",1,0,1,0,0,0,100%,0,0%,6264,100%,0,100%,0,100%,0,0%,1,?,?,0%,1,0%,1,0%,1,,,,,,,,,,,,,,,,,,
Abu Dhabi,1035,Yes,Al Reef Villas,25,AL REEF,AL REEF,0,NonCentre,Yes,2008,Completed,0,0,Completed,Completed,Completed,Committed,0,"880,763","15,933",0,0,0,0,0,1,0,0%,0,0%,"3,016",100%,119094,50%,0,0%,346.75,2774000%,6,?,?,0%,0,0%,0,0%,0,,,,,,,,,,,,,,,,,,
Abu Dhabi,15090.1,Yes,Jubail Island ,1349,AL JUBAIL ISLAND,AL JUBAIL ISLAND,0,NonCentre,Yes,2023,2025,0,0,Approved but Not Delivered,Committed,Pipeline,Committed,0,"968,241","9,681","75,120",1,0,0,0,1,0,100%,0,0%,0,100%,0,100%,0,100%,0,0%,1,?,?,0%,1,0%,1,0%,1,,,,,,,,,,,,,,,,,,
Abu Dhabi,1113.1.1,Yes,"Zone E, Yas Mall",1330,YAS ISLAND,YAS ISLAND,Yas Island,Centre,Yes,2010,Completed,0,0,Completed,Completed,Completed,Committed,0,"389,916",0,0,1,0,0,100,1,0,100%,0,0%,194000,100%,0,100%,0,100%,0,0%,1,?,?,0%,1,0%,1,0%,1,,,,,,,,,,,,,,,,,,
Abu Dhabi,1039,Yes,Royal Towers (Al Hashemi Residential and Hotel Apartments),1303,AL ZAHIYAH,AL ZAHIYAH,0,NonCentre,Yes,2016,NA,0,0,Not Approved / Lapsed,Future,Future,Future,No,"33,500",,0,1,0,0,0,1,0,100%,0,0%,"65,561",100%,0,100%,0,100%,996.8189655,11563100%,1,?,?,0%,1,0%,1,0%,1,,,,,,,,,,,,,,,,,,
Abu Dhabi,Al Falah East,Yes,Al Falah East,32,ZAYED MILITARY CITY,ZAYED MILITARY CITY,0,NonCentre,No,NA,NA,Future project - Pre-concept planning estimated #s,Yes,Not Approved / Lapsed,Future,Future,Future,EH,TBD,"3,500",0,1,20,1,0,0,0,100%,0,0%,0,100%,0,100%,0,100%,0,0%,1,?,?,0%,1,0%,1,0%,1,,,,,,,,,,,,,,,,,,
Abu Dhabi,24640,Yes,Blue Marine,1300,AL BATEEN,AL BATEEN,0,NonCentre,Yes,2021,2023,0,0,Approved but Not Delivered,Committed,Pipeline,Committed,0,"52,592",483,"425,000",1,0,0,"1,273",1,0,0%,0,0%,0,0%,0,0%,0,0%,0,0%,0,?,?,504000%,1,2016000%,1,0%,1,,,,,,,,,,,,,,,,,,
Abu Dhabi,25983,Yes,West Baniyas National Housing,1329,BANI YAS,BANI YAS,0,NonCentre,Yes,2022,2026,National Housing,Yes,Approved but Not Delivered,Committed,Pipeline,Committed,0,"1,634,279","12,608",TBD,1,240,1,0,0,TBD,0%,0,0%,TBD,0%,TBD,0%,TBD,0%,0,TBD,0,?,?,420000%,1,1680000%,1,0%,1,,,,,,,,,,,,,,,,,,
Abu Dhabi,1007.37,No,The Grove,1347,AL SAADIYAT ISLAND,AL SAADIYAT ISLAND,Saadiyat Island,Centre,Yes,2022,2027,0,0,Approved but Not Delivered,Committed,Pipeline,Committed,0,"549,792","10,163",0,1,0,0,NA,1,0,100%,0,0%,"1,550",100%,"29,450",100%,0,100%,1347.758621,15634000%,1,?,?,0%,1,0%,1,0%,1,,,,,,,,,,,,,,,,,,
Abu Dhabi,Z9_MBZ,Yes,"Z9, MBZ",48,MOHAMED BIN ZAYED CITY,MOHAMED BIN ZAYED CITY,0,NonCentre,Yes,NA,NA,National Housing?,Yes,Approved but Not Delivered,Committed,Pipeline,Committed,0,,,"137,933",1,0,0,0,0,0,100%,0,0%,0,100%,0,100%,0,100%,0,0%,1,?,?,0%,1,0%,1,0%,1,,,,,,,,,,,,,,,,,,
Abu Dhabi,17860,Yes,Al Reeman 1 (Downtown Shamkha),1280,AL SHAMKHAH,AL SHAMKHAH,0,NonCentre,Yes,2023,2040,0,0,Approved but Not Delivered,Committed,Pipeline,Committed,0,"1,720,625","37,149",0,1,0,0,0,1,0,100%,0,0%,0,100%,"3,922",0%,6455,100%,0,0%,1,?,?,0%,1,0%,1,0%,1,,,,,,,,,,,,,,,,,,
Abu Dhabi,1013,Yes,Eastern Mangroves Angsana Resort,1318,AL KHEERAN,AL KHEERAN,0,NonCentre,Yes,2009,Completed,0,0,Completed,Completed,Completed,Committed,0,"127,161",901,"218,562",1,0,0,0,1,0,100%,0,0%,"5,675",100%,0,100%,0,100%,0,0%,1,?,?,663560%,1,2654240%,1,0%,1,,,,,,,,,,,,,,,,,,
Abu Dhabi,6053.2,No,Fahid Island Phase 1,4,FAHID ISLAND,FAHID ISLAND,0,NonCentre,Yes,2016,2025,0,0,Not Approved / Lapsed,Future,Future,Future,No,"301,170","4,070",0,1,0,0,0,1,0,100%,0,0%,"123,931",100%,0,100%,0,100%,0,0%,1,?,?,0%,1,0%,1,0%,1,,,,,,,,,,,,,,,,,,
Abu Dhabi,1958,Yes,Marina Mixed Use Dev,1300,AL BATEEN,AL BATEEN,0,NonCentre,Yes,2012,Completed,0,0,Completed,Completed,Completed,Committed,0,"52,447",NA,"69,485",1,0,0,"1,837",1,0,100%,0,0%,"1,000",100%,0,100%,0,100%,566,4528000%,1,?,?,0%,1,0%,1,0%,1,,,,,,,,,,,,,,,,,,
Abu Dhabi,1146,Yes,"ADNEC, Capital Centre Master Plan",1297,AL RAWDAH,AL RAWDAH,0,NonCentre,Yes,2017,2020,0,0,Partially Delivered,Committed,Pipeline,Committed,0,"743,201","5,252",0,1,0,0,0,1,0,100%,0,0%,88755,100%,0,100%,0,100%,209.5625,1676500%,1,?,?,0%,1,0%,1,0%,1,,,,,,,,,,,,,,,,,,
Abu Dhabi,38036,Yes,Airport Community Master plan,1331,AL MATAR,AL MATAR,Airport,Centre,No,NA,NA,0,0,Not Approved / Lapsed,Future,Future,Future,Yes,"275,313","4,350",0,1,0,0,189,1,0,100%,0,0%,0,100%,0,100%,0,100%,0,0%,1,?,?,0%,1,10150000%,1,0%,1,,,,,,,,,,,,,,,,,,
Abu Dhabi,1113.1,Yes,"Zone AA-01, Yas North - Miral",1330,YAS ISLAND,YAS ISLAND,0,NonCentre,No,NA,NA,Not Approved; Miral Projections,0,Not Approved / Lapsed,Future,Future,Future,Yes,"1,240,605","21,000",0,0,0,0,0,1,NA,0%,0,0%,"100,000",0%,0,0%,0,0%,0,0%,0,?,?,0%,0,0%,0,0%,0,,,,,,,,,,,,,,,,,,
Abu Dhabi,1919,Yes,Maffraq Hospital,5,SHAKHBOUT CITY,SHAKHBOUT CITY,0,NonCentre,Yes,2010,Completed,0,0,Completed,Completed,Completed,Committed,0,"164,070",NA,0,1,0,0,0,1,0,100%,0,0%,0,100%,0,100%,0,100%,0,0%,1,?,?,0%,1,0%,1,0%,1,,,,,,,,,,,,,,,,,,
Abu Dhabi,17158.4,Yes,Qasr Al Jurf - Phase 3,1306,GHADEER AL TAYR,GHADEER AL TAYR,0,NonCentre,Yes,2023,2026,0,0,Approved but Not Delivered,Committed,Pipeline,Committed,0,"164,002","2,267",0,1,0,0,0,1,0,100%,0,0%,"16,778",100%,"20,967",100%,0,100%,0,0%,1,?,?,0%,1,0%,1,0%,1,,,,,,,,,,,,,,,,,,
Abu Dhabi,1105.1,No,Al Manhal phase 1,1294,AL MANHAL,AL MANHAL,0,NonCentre,Yes,2012,2013,0,0,Not Approved / Lapsed,Future,Future,Future,No,"468,541","5,567","275,369",0,0,0,600,1,511,0%,0,0%,20523,0%,0,0%,0,0%,0,0%,0,?,?,0%,0,0%,0,0%,0,,,,,,,,,,,,,,,,,,
Abu Dhabi,1086.1,Yes,Al Ghadeer Phase 1,1305,AL LAYYAN,AL LAYYAN,0,NonCentre,Yes,2010,Completed,0,0,Completed,Completed,Completed,Committed,0,"255,361","5,518",0,1,0,0,0,1,0,100%,0,0%,360,100%,3300,100%,0,100%,0,0%,1,?,?,0%,1,0%,1,0%,1,,,,,,,,,,,,,,,,,,
Abu Dhabi,1114.48,Yes,Al Raha Beach West,1345,AL RAHAH,AL RAHAH,0,NonCentre,Yes,2022,NA,"Not Approved, 50% government office GFA reduction per MoM",0,Not Approved / Lapsed,Future,Future,Future,Yes,"1,627,094","21,061",0,1,0,0,0,1,0,100%,0,0%,0,100%,0,100%,0,100%,0,0%,1,?,?,0%,1,0%,1,0%,1,,,,,,,,,,,,,,,,,,
Abu Dhabi,2100.4,Yes,AD University Educational Park,400,ZAYED CITY,ZAYED CITY,Zayed City,Centre,Yes,2017,2025,0,0,Partially Delivered,Committed,Pipeline,Committed,0,"105,000",667,0,1,0,0,0,0,0,100%,0,0%,0,100%,0,100%,0,100%,642.2241379,7449800%,1,?,?,0%,1,0%,1,0%,1,,,,,,,,,,,,,,,,,,
Abu Dhabi,Al Faya Industrial - New,Yes,Al Faya Industrial - New,AL `ASHEESH,,,,,,,0,0,0,Added bH,Future,Future,Future,0,,,"68,308",1,0,0,"2,860",1,0,100%,0,0%,960,100%,0,100%,0,100%,0,0%,1,?,?,0%,1,0%,1,0%,1,,,,,,,,,,,,,,,,,,
Abu Dhabi,23037.3,No,Bloom District-5,400,ZAYED CITY,ZAYED CITY,0,NonCentre,Yes,2023,2026,0,0,Approved but Not Delivered,Committed,Pipeline,Committed,0,"58,698","1,545",0,1,0,0,189,1,0,100%,0,0%,0,100%,0,100%,0,100%,0,0%,1,?,?,0%,1,0%,1,0%,1,,,,,,,,,,,,,,,,,,
Abu Dhabi,1113.8.1,Yes,Yas Waterpark,1330,YAS ISLAND,YAS ISLAND,Yas Island,Centre,Yes,2016,Completed,0,0,Completed,Completed,Completed,Committed,0,"17,656",0,0,1,0,0,0,0,0,100%,0,0%,"62,657",100%,0,100%,0,100%,0,0%,1,?,?,0%,1,0%,1,0%,1,,,,,,,,,,,,,,,,,,
Abu Dhabi,23037,Yes,Bloom District,400,ZAYED CITY,ZAYED CITY,0,NonCentre,Yes,2023,NA,0,0,Approved but Not Delivered,Planned,Pipeline,Committed,0,"800,000","17,819","55,793",1,0,0,NA,1,0,100%,0,0%,"5,060",100%,0,100%,0,100%,0,0%,1,?,?,0%,1,0%,1,0%,1,,,,,,,,,,,,,,,,,,
Abu Dhabi,2897,Yes,Al Haffar Police training Facility,380,AL HAFFAR,AL HAFFAR,0,NonCentre,Yes,2019,NA,0,0,Partially Delivered,Committed,Pipeline,Committed,0,"163,296",846,0,1,0,0,0,1,0,100%,0,0%,0,100%,0,100%,0,100%,0,0%,1,?,?,0%,1,0%,1,0%,1,,,,,,,,,,,,,,,,,,
Abu Dhabi,15090.2,Yes,Jubail South,1349,AL JUBAIL ISLAND,AL JUBAIL ISLAND,0,NonCentre,No,NA,NA,0,0,Not Approved / Lapsed,Future,Future,Future,Yes,"2,407,091","31,029",0,1,0,0,0,1,0,100%,0,0%,0,100%,40360,100%,0,100%,0,0%,1,?,?,0%,1,0%,1,0%,1,,,,,,,,,,,,,,,,,,
Abu Dhabi,1084,No,Navy Base,1303,AL ZAHIYAH,AL ZAHIYAH,Downtown,Centre,Expired,2011,NA,To be confirmed about Land Ownership,0,Not Approved / Lapsed,Future,Future,Future,Yes,"458,188","7,650","1,200",1,0,0,"1,146",1,0,100%,0,0%,2500,100%,0,100%,0,100%,208.6666667,3130000%,1,?,?,0%,1,0%,1,0%,1,,,,,,,,,,,,,,,,,,
Abu Dhabi,5425,Yes,Military officers Accomondation,1244,RABDAN,RABDAN,0,NonCentre,Yes,2012,Completed,0,0,Completed,Completed,Completed,Committed,0,"143,328",0,0,1,0,0,458,1,0,100%,0,0%,0,100%,0,100%,259461,100%,0,0%,1,?,?,0%,1,0%,1,0%,1,,,,,,,,,,,,,,,,,,
Abu Dhabi,6003,Yes,Manazel Al Reef,1327,AL SAMHAH,AL SAMHAH,0,NonCentre,Yes,2014,Completed,0,0,Completed,Completed,Completed,Committed,0,"141,750","4,091",0,0,0,0,668,1,0,0%,0,0%,0,0%,0,0%,0,0%,418.75,3350000%,0,?,?,0%,0,0%,0,0%,0,,,,,,,,,,,,,,,,,,
Abu Dhabi,1633,Yes,Watani,26,KHALIFA CITY,KHALIFA CITY,0,NonCentre,Yes,2009,NA,National Housing,Yes,Partially Delivered,Committed,Pipeline,Committed,0,"869,568","17,795",0,1,0,1,0,0,0,100%,0,0%,"3,128",100%,1810,100%,0,100%,0,0%,1,?,?,0%,1,0%,1,0%,1,,,,,,,,,,,,,,,,,,
Abu Dhabi,23168,Yes,AD Aviation Mixed use Residential,400,ZAYED CITY,ZAYED CITY,0,NonCentre,Yes,2020,2022,0,0,Partially Delivered,Committed,Pipeline,Committed,0,"46,493","1,104",0,1,0,0,732,0.9,0,100%,0,0%,972,100%,0,100%,504393,100%,0,0%,1,?,?,0%,1,0%,1,0%,1,,,,,,,,,,,,,,,,,,
Abu Dhabi,1251.2.1,Yes,Al Marina Island Royal Villas,1296,AL KASIR,AL KASIR,0,NonCentre,Yes,2022,2023,0,0,Approved but Not Delivered,Committed,Pipeline,Committed,0,"19,047",105,0,0,0,0,0,1,0,0%,0,0%,"3,485",0%,0,0%,0,0%,364,2913900%,0,?,?,0%,0,0%,0,0%,0,,,,,,,,,,,,,,,,,,
Abu Dhabi,5251.2,No,Ramhan Island development Phase 2,34,RAMHAN ISLAND,RAMHAN ISLAND,0,NonCentre,Yes,2023,2025,0,0,Approved but Not Delivered,Committed,Pipeline,Committed,0,"111,960","1,425",0,1,0,0,40,1,0,100%,0,0%,0,100%,0,100%,0,100%,275.862069,3200000%,1,?,?,0%,1,0%,1,0%,1,,,,,,,,,,,,,,,,,,
Abu Dhabi,1113.17,Yes,"Zone E, Yas Mall Hotel",1330,YAS ISLAND,YAS ISLAND,0,NonCentre,Yes,2017,NA,0,0,Approved but Not Delivered,Planned,Pipeline,Committed,0,"32,000",,"24,500",0,0,0,"9,113",1,NA,0%,0,0%,1500,0%,0,0%,0,0%,0,0%,0,?,?,0%,0,0%,0,0%,0,,,,,,,,,,,,,,,,,,
Abu Dhabi,1137,Yes,Bawabbat City (Hydra City),25,AL REEF,AL REEF,0,NonCentre,Yes,2009,NA,No Time extension Awarded yet,0,Approved but Not Delivered,Planned,Pipeline,Committed,0,"2,465,072","30,700",0,1,0,0,0,1,0,100%,0,0%,"20,216",100%,717,100%,0,100%,0,0%,1,?,?,0%,1,0%,1,0%,1,,,,,,,,,,,,,,,,,,
Abu Dhabi,1170.1,No,Al Maryah Phase 1 & 2,74,AL MARYAH ISLAND,AL MARYAH ISLAND,Downtown,Centre,Yes,2018,NA,0,0,Partially Delivered,Committed,Pipeline,Committed,0,"2,008,104","13,856",0,1,0,0,0,1,0,100%,0,0%,0,100%,31758,100%,0,100%,0,0%,1,?,?,0%,1,0%,1,0%,1,,,,,,,,,,,,,,,,,,
Abu Dhabi,1085,Yes,Saraya MP,1303,AL ZAHIYAH,AL ZAHIYAH,Downtown,Centre,Yes,2016,2030,0,0,Partially Delivered,Committed,Pipeline,Committed,0,"689,911","8,665","26,050",0,0,0,242,1,242,0%,0,0%,0,0%,0,0%,0,0%,0,0%,0,?,?,0%,0,0%,0,0%,0,,,,,,,,,,,,,,,,,,
Abu Dhabi,2874.1,No,ATIC- GF Phase 1 Detailed MP,31,AL FALAH,AL FALAH,0,NonCentre,Yes,2012,NA,0,0,Approved but Not Delivered,Committed,Pipeline,Committed,0,"259,461",0,0,1,0,0,"6,000",1,0,100%,0,0%,0,100%,0,100%,0,100%,0,0%,1,?,?,0%,1,0%,1,0%,1,,,,,,,,,,,,,,,,,,
Abu Dhabi,1089.56,Yes,Tamouh sector 4,57,AL REEM ISLAND,AL REEM ISLAND,Downtown,Centre,Yes,2023,2033,0,0,Partially Delivered,Committed,Pipeline,Committed,0,"2,456,838","27,782",0,1,0,0,0,0,0,100%,0,0%,0,100%,0,100%,0,100%,263,2100000%,1,?,?,0%,1,0%,1,0%,1,,,,,,,,,,,,,,,,,,
Abu Dhabi,1114.1.21,No,"Luluat Al Raha, Phase 2",1345,AL RAHAH,AL RAHAH,0,NonCentre,Yes,2022,2025,0,0,Approved but Not Delivered,Committed,Pipeline,Committed,0,"418,511","7,735",0,1,0,0,"1,698",1,0,100%,0,0%,"17,656",100%,0,100%,0,100%,0,0%,1,?,?,0%,1,0%,1,0%,1,,,,,,,,,,,,,,,,,,
Abu Dhabi,1113.1.5,Yes,Zone G B (Yas Marina Hotel),1330,YAS ISLAND,YAS ISLAND,0,NonCentre,Yes,2008,Completed,0,0,Completed,Completed,Completed,Committed,0,"74,498",0,0,1,0,0,"2,851",0,0,100%,0,0%,"17,566",100%,0,100%,0,100%,0,0%,1,?,?,0%,1,0%,1,0%,1,,,,,,,,,,,,,,,,,,
Abu Dhabi,10040,Yes,Airport City Master Plan,1331,AL MATAR,AL MATAR,Airport,Centre,No,2017,2030,CMP Unapproved. Letter Out for Transport testing,0,Not Approved / Lapsed,Future,Future,Future,Yes,"246,922",0,0,0,0,0,275,1,0,0%,0,0%,16949,0%,0,0%,0,0%,0,0%,0,?,?,0%,0,0%,0,0%,0,,,,,,,,,,,,,,,,,,
Abu Dhabi,1114.1.20,No,"Luluat Al Raha, Phase 1",1345,AL RAHAH,AL RAHAH,0,NonCentre,Yes,2017,Completed,0,0,Completed,Completed,Completed,Committed,0,"55,912",,0,1,0,0,0,1,0,100%,0,0%,"12,080",100%,0,100%,0,100%,0,0%,1,?,?,0%,1,0%,1,0%,1,,,,,,,,,,,,,,,,,,
Abu Dhabi,1104.x,No,Ghantoot Green City - Phase 1,1306,GHADEER AL TAYR,GHADEER AL TAYR,0,NonCentre,Expired,2009,NA,0,0,Not Approved / Lapsed,Future,Future,Future,No,,,"11,251",1,0,0,"2,270",1,0,100%,0,0%,230,100%,0,100%,0,100%,0,0%,1,?,?,0%,1,0%,1,0%,1,,,,,,,,,,,,,,,,,,
Abu Dhabi,6053,Yes,Fahid Island,4,FAHID ISLAND,FAHID ISLAND,0,NonCentre,Expired,2015,NA,Developer changed to Aldar,0,Not Approved / Lapsed,Future,Future,Future,Yes,"1,052,902","11,177",0,1,0,0,0,1,NA,100%,0,0%,"7,190",100%,1170,100%,0,100%,0,0%,1,?,?,0%,1,0%,1,0%,1,,,,,,,,,,,,,,,,,,
Abu Dhabi,Mina Zayed_Phase 3,Yes,Mina Zayed - Phase 3 Central Station,1288,ZAYED PORT,ZAYED PORT,Mina Zayed,Centre,No,NA,NA,0,0,Not Approved / Lapsed,Future,Future,Future,Yes,"1,460,000","25,714",0,1,0,0,0,1,0,100%,0,0%,0,100%,0,100%,0,100%,0,0%,1,?,?,0%,1,0%,1,0%,1,,,,,,,,,,,,,,,,,,
Abu Dhabi,18495,No,Hudayriat Island Master Plan,1315,AL HIDAYRIYYAT,AL HIDAYRIYYAT,0,NonCentre,Yes,NA,NA,Islandwide CMP annuled - summation of Sub-Master plans,0,Not Approved / Lapsed,Future,Future,Future,No,"3,812,633","47,596",0,1,0,0,0,1,0,100%,0,0%,5934,100%,0,100%,0,100%,0,0%,1,?,?,0%,1,0%,1,0%,1,,,,,,,,,,,,,,,,,,
Abu Dhabi,1113.3.3,Yes,"Zone YS-01,Yas South - Phase 2",1330,YAS ISLAND,YAS ISLAND,Yas Island,Centre,Yes,2024,2032,0,0,Partially Delivered,Committed,Pipeline,Committed,0,"1,314,396","18,874",0,1,0,0,0,1,0,100%,0,0%,0,100%,0,100%,0,100%,0,0%,1,?,?,0%,1,0%,1,0%,1,,,,,,,,,,,,,,,,,,
Abu Dhabi,2874,No,ATIC- Global Foundries,31,AL FALAH,AL FALAH,0,NonCentre,Expired,2011,NA,No Time extension Awarded yet,0,Not Approved / Lapsed,Future,Future,Future,Yes,"1,347,054",0,0,1,0,0,0,1,0,100%,0,0%,0,100%,0,100%,0,100%,0,0%,1,?,?,0%,1,0%,1,0%,1,,,,,,,,,,,,,,,,,,
Abu Dhabi,12698,Yes,Al Reef in Rawdat Al Reef,47,RAWDAT AL REEF,RAWDAT AL REEF,0,NonCentre,Yes,2022,2040,0,0,Approved but Not Delivered,Committed,Pipeline,Committed,0,"1,438,191","27,820",0,1,0,0,286,1,0,100%,0,0%,"1,613",100%,0,100%,0,100%,0,0%,1,?,?,0%,1,0%,1,0%,1,,,,,,,,,,,,,,,,,,
Abu Dhabi,1994,Yes,ICAD 2,19,ABU DHABI INDUSTRIAL CITY,ABU DHABI INDUSTRIAL CITY,0,NonCentre,Yes,,NA,GFA provided by AD Ports,0,Partially Delivered,Planned,Pipeline,Committed,0,"6,031,803",0,0,1,0,0,"1,620",1,0,100%,0,0%,1202.3,100%,166.4,100%,0,100%,2.10625,16850%,1,?,?,0%,1,0%,1,0%,1,,,,,,,,,,,,,,,,,,
Abu Dhabi,1001.8.x,Yes,Masdar Phase 3,26,KHALIFA CITY,KHALIFA CITY,Airport,Centre,No,NA,NA,0,0,Not Approved / Lapsed,Future,Future,Future,No,"589,307","16,688",0,0,0,0,0,0,0,0%,0,0%,0,0%,0,0%,0,0%,2000,0%,1,?,?,0%,0,0%,0,0%,0,,,,,,,,,,,,,,,,,,
Abu Dhabi,18916,Yes,Al Jinan,26,KHALIFA CITY,KHALIFA CITY,0,NonCentre,Yes,2018,2020,National Housing?,Yes,Approved but Not Delivered,Committed,Pipeline,Committed,0,"50,725",413,"161,650",1,0,1,0,0,0,100%,0,0%,0,100%,0,100%,0,100%,0,0%,1,?,?,17500%,1,70000%,1,0%,1,,,,,,,,,,,,,,,,,,
Abu Dhabi,1089.65,Yes,Reem Hills,57,AL REEM ISLAND,AL REEM ISLAND,0,NonCentre,Yes,2023,2030,0,0,Approved but Not Delivered,Committed,Pipeline,Committed,0,"846,805","10,194",0,0,0,0,0,0,0,0%,0,0%,0,0%,0,0%,0,0%,0,0%,0,?,?,0%,0,0%,0,0%,0,,,,,,,,,,,,,,,,,,
Abu Dhabi,5434,Yes,Residential & Commercial Tower (W4_P5),1293,AL HISN,AL HISN,0,NonCentre,Yes,2013,Completed,0,0,Completed,Completed,Completed,Committed,0,"60,853",NA,"122,210",1,0,0,0,0.5,0,100%,0,0%,"1,929",100%,0,100%,0,100%,0,0%,1,?,?,40360%,1,161440%,1,0%,1,,,,,,,,,,,,,,,,,,
Abu Dhabi,1113.12,Yes,"Zone SM 1-5, Mayan Phase 1",1330,YAS ISLAND,YAS ISLAND,Yas Island,Centre,Yes,2016,2020,0,0,Completed,Completed,Completed,Committed,0,"72,263","1,678",TBD,1,0,0,0,0,TBD,0%,0,0%,TBD,0%,TBD,0%,TBD,0%,0,TBD,0,?,?,119280%,1,477120%,1,0%,1,,,,,,,,,,,,,,,,,,
Abu Dhabi,2763,Yes,Hidd Al Saadiyat MP,1347,AL SAADIYAT ISLAND,AL SAADIYAT ISLAND,0,NonCentre,Yes,2018,2020,0,0,Completed,Completed,Completed,Committed,0,"599,766","7,832",TBD,1,0,0,0,0,TBD,0%,0,0%,TBD,0%,TBD,0%,TBD,0%,0,TBD,0,?,?,116760%,1,467040%,1,0%,1,,,,,,,,,,,,,,,,,,
Abu Dhabi,1997,Yes,Al Rahayel (ICAD 5),19,ABU DHABI INDUSTRIAL CITY,ABU DHABI INDUSTRIAL CITY,0,NonCentre,Yes,2020,2022,0,0,Partially Delivered,Committed,Pipeline,Committed,0,"4,127,375","2,000","49,500",1,0,0,0,1,0,100%,0,0%,760,100%,0,100%,0,100%,0,0%,1,?,?,9300%,1,37200%,1,0%,1,,,,,,,,,,,,,,,,,,
Abu Dhabi,1113.1.2,Yes,Zone F (Ferrari World),1330,YAS ISLAND,YAS ISLAND,Yas Island,Centre,Yes,2008,Completed,0,0,Completed,Completed,Completed,Committed,0,"194,000",0,0,1,0,0,392,1,0,100%,0,0%,0,100%,0,100%,0,0%,0,0%,1,?,?,0%,1,0%,1,0%,1,,,,,,,,,,,,,,,,,,
Abu Dhabi,5222,Yes,Abu Dhabi Police academy,5,SHAKHBOUT CITY,SHAKHBOUT CITY,0,NonCentre,Yes,2013,NA,0,0,Approved but Not Delivered,Committed,Pipeline,Committed,0,"194,385",NA,0,0,0,0,0,1,0,0%,0,0%,0,0%,0,0%,0,0%,0,0%,0,?,?,0%,0,0%,0,0%,0,,,,,,,,,,,,,,,,,,
Abu Dhabi,Umm Al Nar,Yes,Umm Al Nar- sas al nakhl,1337,SAS AL NAKHL,SAS AL NAKHL,0,NonCentre,No,NA,NA,National Housing,Yes,Not Approved / Lapsed,Future,Future,Future,Yes,,,0,0,0,1,0,0,0,0%,0,0%,0,0%,0,0%,0,0%,0,0%,0,?,?,0%,0,0%,0,0%,0,,,,,,,,,,,,,,,,,,
Abu Dhabi,15690,Yes,Ghantoot Hotel & Resort,1308,GHANTOUT,GHANTOUT,0,NonCentre,Yes,2019,2023,0,0,Approved but Not Delivered,Committed,Pipeline,Committed,0,"296,531","5,542",0,0,0,0,0,1,0,0%,0,0%,0,0%,0,0%,0,0%,0,0%,0,?,?,0%,0,0%,0,0%,0,,,,,,,,,,,,,,,,,,
Abu Dhabi,18495.2,Yes,Hudayriyat West MasterPlan,1315,AL HIDAYRIYYAT,AL HIDAYRIYYAT,0,NonCentre,Yes,2023,2028,0,0,Approved but Not Delivered,Committed,Pipeline,Committed,0,"650,260",0,0,0,0,0,139,1,0,0%,0,0%,0,0%,0,0%,0,0%,0,0%,0,?,?,0%,0,0%,0,0%,0,,,,,,,,,,,,,,,,,,
Abu Dhabi,1113.1.3,Yes,Zone FX,1330,YAS ISLAND,YAS ISLAND,Yas Island,Centre,No,2008,NA,"IWFP estimate, Not Approved",0,Not Approved / Lapsed,Future,Future,Future,Yes,"100,000",NA,0,0,0,0,"1,908",0,0,0%,0,0%,0,0%,0,0%,0,0%,0,0%,0,?,?,0%,0,0%,0,0%,0,,,,,,,,,,,,,,,,,,
Abu Dhabi,1113.21,Yes,North West Quadrant,1330,YAS ISLAND,YAS ISLAND,0,NonCentre,Yes,2017,2030,0,0,Approved but Not Delivered,Committed,Pipeline,Committed,0,"12,080",0,0,1,0,0,"1,138",0.8,0,100%,0,0%,0,100%,0,100%,0,100%,0,0%,1,?,?,0%,1,0%,1,0%,1,,,,,,,,,,,,,,,,,,
Abu Dhabi,36016,Yes,Al Sader Project National Housing,30,AL SADER,AL SADER,0,NonCentre,Yes,NA,NA,National Housing,Yes,Approved but Not Delivered,Committed,Pipeline,Committed,0,"3,353,191","22,658","19,047",1,0,1,0,0,0,100%,0,0%,0,100%,0,100%,0,100%,0,0%,1,?,?,0%,1,0%,1,0%,1,,,,,,,,,,,,,,,,,,
Abu Dhabi,1113.6.12,Yes,"Zone NY-02, North Yas Phase 2",1330,YAS ISLAND,YAS ISLAND,0,NonCentre,Yes,2023,2031,0,0,Approved but Not Delivered,Committed,Pipeline,Committed,0,"1,871,764","37,075","1,856",1,0,0,0,1,24,100%,0,0%,9006,100%,1508,100%,3576,100%,26.98888889,1214500%,1,?,?,0%,1,0%,1,0%,1,,,,,,,,,,,,,,,,,,
Abu Dhabi,1099,No,Reem Island,57,AL REEM ISLAND,AL REEM ISLAND,0,NonCentre,Yes,,NA,Summation of All Approved Sub Master Plans,0,Partially Delivered,Committed,Pipeline,Committed,0,0,"47,537","3,305",1,0,0,NA,0,28,100%,0,0%,2310,100%,7100,100%,0,100%,0,0%,1,?,?,0%,1,0%,1,0%,1,,,,,,,,,,,,,,,,,,
Abu Dhabi,1995,Yes,ICAD 3,19,ABU DHABI INDUSTRIAL CITY,ABU DHABI INDUSTRIAL CITY,0,NonCentre,Yes,2008,2020,0,0,Partially Delivered,Planned,Pipeline,Committed,0,"3,425,845",0,"13,006",1,0,0,0,1,35,100%,0,0%,"2,413",100%,0,100%,0,100%,458,3663100%,1,?,?,0%,1,0%,1,0%,1,,,,,,,,,,,,,,,,,,
Abu Dhabi,2166,Yes,Petroleum Institute MP,1337,SAS AL NAKHL,SAS AL NAKHL,0,NonCentre,Yes,2016,Completed,0,0,Completed,Completed,Completed,Committed,0,"594,175",0,"59,312",1,0,0,0,0,0,100%,0,0%,0,100%,0,100%,0,100%,0,0%,1,?,?,0%,1,0%,1,0%,1,,,,,,,,,,,,,,,,,,
Abu Dhabi,1235,Yes,Hydra Village,47,RAWDAT AL REEF,RAWDAT AL REEF,0,NonCentre,Yes,2017,2020,0,0,Partially Delivered,Committed,Pipeline,Committed,0,"493,899","10,480","7,093",1,0,0,40,1,65,100%,0,0%,0,100%,0,100%,0,100%,1718.175,13745400%,1,?,?,0%,1,0%,1,0%,1,,,,,,,,,,,,,,,,,,
Abu Dhabi,1007.4,No,Mamsha Al Saadiyat,1347,AL SAADIYAT ISLAND,AL SAADIYAT ISLAND,Saadiyat Island,Centre,Yes,2015,Completed,0,0,Completed,Completed,Completed,Committed,0,"140,055","1,894","100,289",1,0,0,"3,004",1,0,100%,0,0%,0,100%,0,100%,0,100%,0,0%,1,?,?,0%,1,0%,1,0%,1,,,,,,,,,,,,,,,,,,
Abu Dhabi,6034.1,No,"Al Falah Free Zone, Phase 1",31,AL FALAH,AL FALAH,Airport,Centre,Yes,2023,2027,Phase 1 Updated as a New MP,0,Approved but Not Delivered,Committed,Pipeline,Committed,0,"515,195",0,"92,696",1,0,0,0,1,0,100%,0,0%,"2,448",100%,"2,850",100%,0,100%,0,0%,1,?,?,0%,1,0%,1,0%,1,,,,,,,,,,,,,,,,,,
Abu Dhabi,14135,Yes,Seih Al Sedeirah,1305,AL LAYYAN,AL LAYYAN,0,NonCentre,No,NA,NA,0,0,Not Approved / Lapsed,Future,Future,Future,Yes,"3,114,000","1,200","19,330",1,0,0,856,1,0,100%,0,0%,0,100%,0,100%,0,100%,0,0%,1,?,?,0%,1,0%,1,0%,1,,,,,,,,,,,,,,,,,,
Abu Dhabi,2154,Yes,Mushrif Central Park,1291,AL MUSHRIF,AL MUSHRIF,0,NonCentre,Yes,2013,Completed,0,0,Completed,Completed,Completed,Committed,0,"6,594",NA,"95,000",1,0,0,78,1,0,100%,0,0%,0,100%,0,100%,0,100%,0,0%,1,?,?,0%,1,0%,1,0%,1,,,,,,,,,,,,,,,,,,
Abu Dhabi,38190,Yes,Luxury Island,1343,QIRQISHAN,QIRQISHAN,0,NonCentre,Yes,2023,2026,0,0,Approved but Not Delivered,Planned,Pipeline,Committed,0,"345,816","1,599","48,150",1,0,0,140,1,16,100%,0,0%,"3,730",100%,0,100%,0,100%,0,0%,1,?,?,0%,1,0%,1,0%,1,,,,,,,,,,,,,,,,,,
Abu Dhabi,1001.15,Yes,Masdar Phase 5,26,KHALIFA CITY,KHALIFA CITY,Airport,Centre,Yes,2021,2025,0,0,Approved but Not Delivered,Committed,Pipeline,Committed,0,"338,002","5,996","18,050",1,0,0,0,0,116,100%,0,0%,2883,100%,0,100%,0,100%,0,0%,1,?,?,0%,1,0%,1,0%,1,,,,,,,,,,,,,,,,,,
Abu Dhabi,1920,Yes,Umm Lefeenah,1342,UM YIFEENAH ISLAND,UM YIFEENAH ISLAND,0,NonCentre,No,NA,NA,Modon has not shared info yet,0,Not Approved / Lapsed,Future-Likely,Future-Likely,Committed,Yes,NA,NA,"285,430",1,0,0,0,0,0,0%,0,0%,0,0%,0,0%,0,0%,120,1800000%,1,?,?,0%,1,0%,1,0%,1,,,,,,,,,,,,,,,,,,
Abu Dhabi,23037.1,No,Bloom District Phase 1,400,ZAYED CITY,ZAYED CITY,0,NonCentre,Yes,2022,2024,0,0,Approved but Not Delivered,Committed,Pipeline,Committed,0,"257,820","4,037","59,082",1,0,0,0,1,0,100%,0,0%,"4,267",100%,0,100%,0,100%,0,0%,1,?,?,0%,1,0%,1,0%,1,,,,,,,,,,,,,,,,,,
Abu Dhabi,GHANADHAH_2,Yes,GHANADHAH_2,1020,GHANADHAH,GHANADHAH,0,NonCentre,No,NA,NA,0,0,Not Approved / Lapsed,Future,Future,Future,No,,,"110,050",1,0,0,"2,837",1,0,100%,0,0%,834,100%,616,100%,0,100%,0,0%,1,?,?,0%,1,0%,1,0%,1,,,,,,,,,,,,,,,,,,
Abu Dhabi,1007.42.1,Yes,Lagoons phase 1,1347,AL SAADIYAT ISLAND,AL SAADIYAT ISLAND,0,NonCentre,Yes,2021,2025,0,0,Approved but Not Delivered,Committed,Pipeline,Committed,0,"184,299","2,033","107,741",1,0,0,321,1,142,100%,0,0%,0,100%,0,100%,0,100%,0,0%,1,?,?,0%,1,0%,1,0%,1,,,,,,,,,,,,,,,,,,
Abu Dhabi,1007.27,Yes,Marina District - NYU Precinct,1347,AL SAADIYAT ISLAND,AL SAADIYAT ISLAND,Saadiyat Island,Centre,Yes,2023,2022,0,0,Partially Delivered,Committed,Pipeline,Committed,0,"1,031,569","15,691","17,000",1,0,0,0,1,150,100%,0,0%,52300,100%,0,100%,0,100%,25,200000%,1,?,?,0%,1,0%,1,0%,1,,,,,,,,,,,,,,,,,,
Abu Dhabi,22345,Yes,Al Reeman 2,1280,AL SHAMKHAH,AL SHAMKHAH,0,NonCentre,Yes,2021,2020,0,0,Approved but Not Delivered,Committed,Pipeline,Committed,0,"1,027,605","11,513","221,551",1,0,0,0,1,0,100%,0,0%,2600,100%,0,100%,0,100%,0,0%,1,?,?,0%,1,0%,1,0%,1,,,,,,,,,,,,,,,,,,
Abu Dhabi,6029,Yes,Al Mafraq Health Community Master Plan,5,SHAKHBOUT CITY,SHAKHBOUT CITY,0,NonCentre,Yes,2014,NA,0,0,Partially Delivered,Committed,Pipeline,Committed,0,"1,007,765",0,"54,064",1,0,0,0,1,0,100%,0,0%,0,100%,0,100%,0,0%,0,0%,1,?,?,0%,1,0%,1,0%,1,,,,,,,,,,,,,,,,,,
Abu Dhabi,1610,No,Mussaffah Labour Camp,19,ABU DHABI INDUSTRIAL CITY,ABU DHABI INDUSTRIAL CITY,0,NonCentre,Yes,2009,2010,0,0,Partially Delivered,Planned,Pipeline,Committed,0,"95,622",0,"49,644",1,0,0,0,1,0,100%,0,0%,0,100%,0,100%,0,100%,466.4875,3731900%,1,?,?,0%,1,0%,1,0%,1,,,,,,,,,,,,,,,,,,
Abu Dhabi,2100,Yes,Zayed City MP (DMT),400,ZAYED CITY,ZAYED CITY,Zayed City,Centre,Yes,NA,NA,National Housing + Commercial / InvestmentPlots,Yes,Partially Delivered,Committed,Pipeline,Committed,0,"30,582,161","331,302","60,898",1,"1,420",1,0,0,0,100%,0,0%,0,100%,0,100%,0,100%,0,0%,1,?,?,0%,1,0%,1,0%,1,,,,,,,,,,,,,,,,,,
Abu Dhabi,Ras Al Sader_142,Yes,Ras Al Sader 142 plots,1324,AL SHELAYLAH ISLAND,AL SHELAYLAH ISLAND,0,NonCentre,No,NA,TBD,Future project - Pre-concept planning estimated #s,Yes,Not Approved / Lapsed,Future,Future,Future,EH,TBD,994,"25,000",1,454,0.9,0,0,190,100%,0,0%,"2,600",100%,"22,673",100%,0,100%,0,0%,1,?,?,0%,1,0%,1,0%,1,,,,,,,,,,,,,,,,,,
Abu Dhabi,18312,Yes,Al Samaliyyah Island,1322,AL SAMMALIYYAH ISLAND,AL SAMMALIYYAH ISLAND,0,NonCentre,No,NA,2025,0,0,Not Approved / Lapsed,Future,Future,Future,Yes,NA,NA+A1:U16,"275,000",1,0,0,0,1,0,100%,0,0%,"7,850",100%,0,100%,0,100%,260,3900000%,1,?,?,0%,1,0%,1,0%,1,,,,,,,,,,,,,,,,,,
Abu Dhabi,ICAD 1,Yes,ICAD 1,19,ABU DHABI INDUSTRIAL CITY,ABU DHABI INDUSTRIAL CITY,Musaffah,Centre,Yes,,NA,GFA provided by AD Ports,0,Partially Delivered,Planned,Pipeline,Committed,0,"6,587,534",0,"74,519",1,0,0,0,1,222,100%,0,0%,"2,889",100%,0,100%,0,100%,619,4950900%,1,?,?,0%,1,0%,1,0%,1,,,,,,,,,,,,,,,,,,
Abu Dhabi,21227,Yes,Bawabat Al Sharq Development_2,1329,BANI YAS,BANI YAS,Bani Yas,Centre,No,2023,2025,0,0,Partially Delivered,Committed,Pipeline,Committed,0,"692,191","8,377","39,959",1,0,0,860,1,225,100%,0,0%,"4,997",100%,0,100%,0,100%,504.8,4038400%,1,?,?,0%,1,0%,1,0%,1,,,,,,,,,,,,,,,,,,
Abu Dhabi,35581,Yes,Al Samha 242 Villas,1327,AL SAMHAH,AL SAMHAH,0,NonCentre,Yes,2023,2025,National Housing,Yes,Approved but Not Delivered,Committed,Pipeline,Committed,0,"126,157","1,839","111,960",1,856,1,0,0,0,100%,0,0%,0,100%,0,100%,0,100%,0,0%,1,?,?,0%,1,0%,1,0%,1,,,,,,,,,,,,,,,,,,
Abu Dhabi,1739,No,"Emirates Stallions (C59, C60, C63, C64)",1303,AL ZAHIYAH,AL ZAHIYAH,0,NonCentre,Yes,2016,NA,0,0,Approved but Not Delivered,Committed,Pipeline,Committed,0,"164,000",,"36,864",1,0,0,0,0,260,100%,0,0%,"130,073",100%,0,100%,0,100%,0,0%,1,?,?,0%,1,0%,1,0%,1,,,,,,,,,,,,,,,,,,
Abu Dhabi,Al Shahamah II_1,Yes,Al Shahamah II_1,,,,0,NonCentre,,,0,National Housing,Yes,Future,Future,Future,0,BH,,,"119,350",1,0,1,0,0,0,100%,0,0%,624,100%,0,100%,0,100%,0,0%,1,?,?,0%,1,0%,1,0%,1,,,,,,,,,,,,,,,,,,
Abu Dhabi,1170,Yes,Al Maryah IWMP,74,AL MARYAH ISLAND,AL MARYAH ISLAND,Downtown,Centre,Yes,2012,NA,0,0,Partially Delivered,Planned,Pipeline,Committed,0,"3,520,000","30,780","43,575",1,0,0,0,1,214,100%,0,0%,1500,100%,0,100%,0,100%,0,0%,1,?,?,0%,1,0%,1,0%,1,,,,,,,,,,,,,,,,,,
Abu Dhabi,1317,Yes,Desert Towers- Mohd Bin Zayed,48,MOHAMED BIN ZAYED CITY,MOHAMED BIN ZAYED CITY,0,NonCentre,Yes,2008,NA,0,0,Approved but Not Delivered,Planned,Pipeline,Committed,0,"366,033","6,846","49,208",1,0,0,0,0,287,100%,0,0%,5977,100%,7101,100%,0,100%,0,0%,1,?,?,0%,1,0%,1,0%,1,,,,,,,,,,,,,,,,,,
Abu Dhabi,5686,Yes,ADNOC New Medical Center,1300,AL BATEEN,AL BATEEN,0,NonCentre,Yes,2015,Completed,0,0,Completed,Completed,Completed,Committed,0,"28,184",NA,"39,427",1,0,0,0,1,295,100%,0,0%,0,100%,101,100%,0,100%,0,0%,1,?,?,0%,1,0%,1,0%,1,,,,,,,,,,,,,,,,,,
Abu Dhabi,1113.16,Yes,"Zone HB, Office Park",1330,YAS ISLAND,YAS ISLAND,0,NonCentre,Yes,NA,NA,"IWFP estimate, Not Approved",0,Approved but Not Delivered,Committed,Pipeline,Committed,0,"31,000",0,"170,570",1,0,0,0,1,0,100%,0,0%,500,100%,0,100%,0,100%,0,0%,1,?,?,0%,1,0%,1,0%,1,,,,,,,,,,,,,,,,,,
Abu Dhabi,17158.1,No,Qasr Al Jurf Amended CMP,1306,GHADEER AL TAYR,GHADEER AL TAYR,0,NonCentre,Yes,NA,NA,0,0,Approved but Not Delivered,Planned,Pipeline,Committed,0,0,"8,738","82,321",1,0,0,0,0,0,100%,0,0%,0,100%,0,100%,0,100%,0,0%,1,?,?,0%,1,0%,1,0%,1,,,,,,,,,,,,,,,,,,
Abu Dhabi,1169,Yes,Deerfield Town Square (Al Bahya AD),1279,AL BAHYAH,AL BAHYAH,0,NonCentre,Yes,2009,Completed,0,0,Completed,Completed,Completed,Committed,0,"123,931",NA,"146,593",1,0,0,0,1,0,100%,0,0%,3152,100%,0,100%,0,100%,0,0%,1,?,?,0%,1,0%,1,0%,1,,,,,,,,,,,,,,,,,,
Abu Dhabi,1997.1,Yes,Rahayel Block 7,19,ABU DHABI INDUSTRIAL CITY,ABU DHABI INDUSTRIAL CITY,0,NonCentre,Yes,2021,2025,0,0,Approved but Not Delivered,Planned,Pipeline,Committed,0,"214,756","1,038","120,002",1,0,0,0,1,359,100%,0,0%,"2,363",100%,0,100%,0,100%,0,0%,1,?,?,0%,1,0%,1,0%,1,,,,,,,,,,,,,,,,,,
Abu Dhabi,18495.1,Yes,Hudayriat Island PDA,1315,AL HIDAYRIYYAT,AL HIDAYRIYYAT,0,NonCentre,Yes,2023,2031,Priority Development Area DMP,0,Approved but Not Delivered,Committed,Pipeline,Committed,0,"3,202,339","51,121","160,850",1,0,0,0,0,0,100%,0,0%,2400,100%,0,100%,0,100%,0,0%,1,?,?,0%,1,0%,1,0%,1,,,,,,,,,,,,,,,,,,
Abu Dhabi,Samha New Housing - Ph 2,Yes,Samha New Housing - Ph 2 - muwhaylih,1281,KHALIFA INDUSTRIAL,KHALIFA INDUSTRIAL,0,NonCentre,No,NA,NA,National Housing,Yes,Not Approved / Lapsed,Future,Future,Future,EH,,,"57,766",1,0,0,0,0,369,100%,0,0%,"2,474",100%,0,100%,0,100%,0,0%,1,?,?,0%,1,0%,1,0%,1,,,,,,,,,,,,,,,,,,
Abu Dhabi,1113.3.1,Yes,"Zone YS-02, The Club",1330,YAS ISLAND,YAS ISLAND,Yas Island,Centre,Yes,2012,Completed,0,0,Completed,Completed,Completed,Committed,0,"3,000",0,"56,138",1,0,0,"26,755",1,0,100%,0,0%,0,100%,0,100%,0,100%,0,0%,1,?,?,0%,1,0%,1,0%,1,,,,,,,,,,,,,,,,,,
Abu Dhabi,1113.8.2,No,Warner Brothers Themepark,1330,YAS ISLAND,YAS ISLAND,Yas Island,Centre,Yes,2015,Completed,0,0,Completed,Completed,Completed,Committed,0,"114,603",0,"24,000",1,0,0,0,1,400,100%,0,0%,975122,0%,202438,0%,2811121,58%,0,0%,1,?,?,0%,1,0%,1,0%,1,,,,,,,,,,,,,,,,,,
Abu Dhabi,21257,Yes,Hindu Temple,1311,ABU MREIKHAH,ABU MREIKHAH,0,NonCentre,Yes,2023,2030,0,0,Approved but Not Delivered,Committed,Pipeline,Committed,0,"46,395",70,"1,260,847",1,0,0,0,1,111,100%,0,0%,"47,439",100%,0,100%,0,100%,258.75,2070000%,1,?,?,0%,1,0%,1,0%,1,,,,,,,,,,,,,,,,,,
Abu Dhabi,5619,Yes,Khalifa University Extension,1302,HADBAT AL ZA'FARANAH,HADBAT AL ZA'FARANAH,0,NonCentre,Yes,2016,Completed,0,0,Completed,Completed,Completed,Committed,0,"101,500",NA,"84,196",1,0,0,913,0.6,0,100%,0,0%,"13,000",100%,0,100%,8380,100%,122,11002500%,1,?,?,0%,1,0%,1,0%,1,,,,,,,,,,,,,,,,,,
Abu Dhabi,1113.13,Yes,"Zone SM Plot 5,Mayan Phase 2",1330,YAS ISLAND,YAS ISLAND,0,NonCentre,Yes,2016,2025,0,0,Approved but Not Delivered,Committed,Pipeline,Committed,0,"39,528",906,"182,241",1,0,0,NA,1,0,100%,0,0%,"1,750",100%,0,100%,0,100%,0,0%,1,?,?,0%,1,0%,1,0%,1,,,,,,,,,,,,,,,,,,
Abu Dhabi,36681,Yes,MZ AD Ports Masterplan,1288,ZAYED PORT,ZAYED PORT,Downtown,Centre,No,NA,NA,0,0,Not Approved / Lapsed,Future,Future,Future,No,"997,322",0,"148,266",1,0,0,0,1,0,100%,0,0%,1595,100%,0,0%,0,100%,0,0%,1,?,?,0%,1,0%,1,0%,1,,,,,,,,,,,,,,,,,,
Abu Dhabi,23037.2.1,No,Bloom District -Phase 3,400,ZAYED CITY,ZAYED CITY,0,NonCentre,Yes,2023,2027,0,0,Approved but Not Delivered,Committed,Pipeline,Committed,0,"167,615","4,755","131,001",1,0,0,170,1,461,100%,0,0%,8556,100%,0,100%,0,100%,0,0%,1,?,?,0%,1,0%,1,0%,1,,,,,,,,,,,,,,,,,,
Abu Dhabi,1113.27,Yes,"Zone RA, Yas Staff Housing ALDAR",1330,YAS ISLAND,YAS ISLAND,0,NonCentre,Yes,2023,2023,0,0,Partially Delivered,Completed,Completed,Committed,0,"87,106","3,681","134,618",1,0,0,0,1,474,100%,0,0%,"172,608",100%,"115,042",100%,0,100%,176,1410800%,1,?,?,0%,1,0%,1,0%,1,,,,,,,,,,,,,,,,,,
Abu Dhabi,1251.6,Yes,Marina walk - Marina Promenade Phase 1,1296,AL KASIR,AL KASIR,Palaces,Centre,Yes,2018,2020,0,0,Approved but Not Delivered,Committed,Pipeline,Committed,0,"20,933",0,"769,357",1,0,0,0,0,489,100%,0,0%,"57,000",100%,0,100%,0,100%,0,0%,1,?,?,1094000%,1,4376000%,1,0%,1,,,,,,,,,,,,,,,,,,
Abu Dhabi,32592,Yes,Nawras Island,1312,AL HALAH ISLAND,AL HALAH ISLAND,0,NonCentre,Yes,2023,NA,0,0,Approved but Not Delivered,Planned,Pipeline,Committed,0,"28,091",112,"83,708",1,0,0,912,1,0,100%,0,0%,0,100%,0,100%,0,100%,0,0%,1,?,?,0%,1,0%,1,0%,1,,,,,,,,,,,,,,,,,,
Abu Dhabi,33416,Yes,Ba Al Ghailam,1279,AL BAHYAH,AL BAHYAH,0,NonCentre,Yes,2023,2025,National Housing,Yes,Approved but Not Delivered,Committed,Pipeline,Committed,0,"1,423,049","19,593","71,421",1,0,1,0,0,492,100%,0,0%,526,100%,228,100%,0,100%,0,0%,1,?,?,0%,1,0%,1,0%,1,,,,,,,,,,,,,,,,,,
Abu Dhabi,11220,Yes,Deerfields Town Square Residential,1279,AL BAHYAH,AL BAHYAH,0,NonCentre,Yes,2023,NA,0,0,Approved but Not Delivered,Committed,Pipeline,Committed,0,"43,006",642,"18,997",1,0,0,"2,483",1,523,100%,0,0%,0,100%,0,100%,0,100%,0,0%,1,?,?,0%,1,0%,1,0%,1,,,,,,,,,,,,,,,,,,
Abu Dhabi,5251.1,No,Ramhan Island development Phase 1,34,RAMHAN ISLAND,RAMHAN ISLAND,0,NonCentre,Yes,2023,2025,0,0,Approved but Not Delivered,Committed,Pipeline,Committed,0,"180,783","2,079","75,858",1,0,0,"1,011",0.6,532,100%,0,0%,"2,027",100%,0,100%,0,100%,0,0%,1,?,?,0%,1,0%,1,0%,1,,,,,,,,,,,,,,,,,,
Abu Dhabi,12805,Yes,Al Samha Emirati Housing,1327,AL SAMHAH,AL SAMHAH,0,NonCentre,Yes,2016,Completed,Emirati Housing MP,Yes,Completed,Completed,Completed,Committed,0,"162,525","2,050","328,301",1,786,1,0,0,577,100%,0,0%,"13,992",100%,14377,100%,0,100%,659.825,5278600%,1,?,?,0%,1,0%,1,0%,1,,,,,,,,,,,,,,,,,,
Abu Dhabi,2103.1,No,Bawabat Al Sharq Phase 2,1329,BANI YAS,BANI YAS,0,NonCentre,Yes,2011,Completed,0,0,Completed,Completed,Completed,Committed,0,"107,741",,"257,075",1,0,0,0,1,0,0%,0,0%,"3,000",100%,0,100%,0,0%,0,0%,0,?,?,0%,1,0%,1,0%,1,,,,,,,,,,,,,,,,,,
Abu Dhabi,1621,Yes,Bloom Gardens,1289,AL MUNTAZAH,AL MUNTAZAH,0,NonCentre,Yes,2018,Completed,0,0,Completed,Completed,Completed,Committed,0,"179,068","2,320","34,306",1,0,0,457,1,181,100%,0,0%,"1,595",100%,0,0%,0,100%,0,0%,1,?,?,0%,1,0%,1,0%,1,,,,,,,,,,,,,,,,,,
Abu Dhabi,Al Bahia North,Yes,Al Bahia North,1279,AL BAHYAH,AL BAHYAH,0,NonCentre,No,NA,TBD,Future project - Pre-concept planning estimated #s,Yes,Not Approved / Lapsed,Future,Future,Future,EH,TBD,"4,200","125,755",1,219,1,0,0,0,100%,0,0%,"5,300",100%,0,100%,0,100%,0,0%,1,?,?,0%,1,0%,1,0%,1,,,,,,,,,,,,,,,,,,
Abu Dhabi,17407,Yes,Wahat Yas,1279,AL BAHYAH,AL BAHYAH,0,NonCentre,Yes,2023,2040,0,0,Approved but Not Delivered,Committed,Pipeline,Committed,0,"850,000","17,259","225,546",1,0,0,0,1,698,100%,0,0%,4450,100%,0,100%,0,100%,0,0%,1,?,?,0%,1,0%,1,0%,1,,,,,,,,,,,,,,,,,,
Abu Dhabi,1251.4,No,Marina Mall Extention Phase 2,1296,AL KASIR,AL KASIR,Palaces,Centre,Yes,2017,2019,0,0,Partially Delivered,Committed,Pipeline,Committed,0,"456,455",0,"74,559",1,0,0,0,1,739,100%,0,0%,"7,201",100%,0,100%,0,100%,0,0%,1,?,?,0%,1,0%,1,0%,1,,,,,,,,,,,,,,,,,,
Abu Dhabi,1007,No,Saadiyat Island Master Plan,1347,AL SAADIYAT ISLAND,AL SAADIYAT ISLAND,Saadiyat Island,Centre,Yes,2017,NA,0,0,Partially Delivered,Planned,Pipeline,Committed,0,"15,400,000","145,000","42,241",1,0,0,"2,440",1,748,100%,0,0%,0,100%,0,100%,0,100%,0,0%,1,?,?,0%,1,0%,1,0%,1,,,,,,,,,,,,,,,,,,
Abu Dhabi,5394,No,Commercial & Mosque,1333,AL BIHOUTH,AL BIHOUTH,0,NonCentre,Yes,2011,2020,0,0,Approved but Not Delivered,Planned,Pipeline,Committed,0,"7,249",NA,"15,824",1,0,0,0,1,764,100%,0,0%,0,100%,3941,100%,0,100%,0,0%,1,?,?,0%,1,0%,1,0%,1,,,,,,,,,,,,,,,,,,
Abu Dhabi,5000.34,Yes,KIZAD Area B,1281,KHALIFA INDUSTRIAL,KHALIFA INDUSTRIAL,Kizad,Centre,Yes,2023,2050,Group Quarters (Units),0,Approved but Not Delivered,Committed,Pipeline,Committed,0,"60,804,264","209,564","219,902",1,0,0,"1,659",1,428,100%,0,0%,"6,060",100%,0,100%,0,100%,0,0%,1,?,?,0%,1,0%,1,0%,1,,,,,,,,,,,,,,,,,,
Abu Dhabi,1007.46,Yes,Saadiyat Marina and Promenade,1347,AL SAADIYAT ISLAND,AL SAADIYAT ISLAND,Saadiyat Island,Centre,Yes,2022,NA,0,0,Not Approved / Lapsed,Future,Future,Future,Yes,"2,207,516","30,802","176,336",1,0,0,71,1,0,100%,0,0%,0,100%,0,100%,0,100%,0,0%,1,?,?,0%,1,0%,1,0%,1,,,,,,,,,,,,,,,,,,
Abu Dhabi,1413,Yes,Abu Dhabi Golf Club Dev,26,KHALIFA CITY,KHALIFA CITY,0,NonCentre,Yes,2023,2025,DMP vs Overall,0,Partially Delivered,Committed,Pipeline,Committed,0,"88,255",966,"3,412,247",1,0,0,"1,351",1,851,100%,0,0%,54717,100%,7000,100%,0,100%,0,0%,1,?,?,4103640%,1,16414560%,1,0%,1,,,,,,,,,,,,,,,,,,
Abu Dhabi,1032,Yes,Manazel Medical City,48,MOHAMED BIN ZAYED CITY,MOHAMED BIN ZAYED CITY,0,NonCentre,Yes,2016,NA,0,0,Partially Delivered,Committed,Pipeline,Committed,0,"370,163","3,602","120,400",1,0,0,0,1,0,100%,0,0%,3000,100%,700,100%,0,100%,0,0%,1,?,?,0%,1,0%,1,0%,1,,,,,,,,,,,,,,,,,,
Abu Dhabi,5436,Yes,First Gulf Bank office building,1289,AL MUNTAZAH,AL MUNTAZAH,0,NonCentre,Yes,2013,Completed,0,0,Completed,Completed,Completed,Committed,0,"40,360",0,"145,183",1,0,0,363,1,464,100%,0,0%,"1,980",100%,0,100%,0,100%,0,0%,1,?,?,0%,1,0%,1,0%,1,,,,,,,,,,,,,,,,,,
Abu Dhabi,17158.3,Yes,Qasr Al Jurf - Phase 2B,1306,GHADEER AL TAYR,GHADEER AL TAYR,0,NonCentre,Yes,2023,2028,0,0,Approved but Not Delivered,Committed,Pipeline,Committed,0,"120,235",850,"247,379",1,0,0,"4,063",1,0,100%,0,0%,"4,365",100%,"2,900",100%,0,100%,216.125,1729000%,1,?,?,0%,1,0%,1,0%,1,,,,,,,,,,,,,,,,,,
Abu Dhabi,1118,Yes,World Trade Centre,1301,AL DANAH,AL DANAH,Downtown,Centre,Yes,2009,Completed,0,0,Completed,Completed,Completed,Committed,0,"442,830","1,535","239,170",0.6,0,0,73,1,615,60%,0,0%,"13,053",60%,0,60%,0,100%,0,0%,0.6,?,?,0%,0.6,0%,0.6,0%,0.6,,,,,,,,,,,,,,,,,,
Abu Dhabi,36322,No,"Low Income Housing - Akwan, Al Hisn",1293,AL HISN,AL HISN,0,NonCentre,Yes,2023,2026,Not Approved Yet,0,Approved but Not Delivered,Committed,Pipeline,Committed,0,"200,726","11,875","71,050",1,0,0,0,1,861,100%,0,0%,"29,335",100%,"89,911",100%,0,100%,137,1095100%,1,?,?,0%,1,303100%,1,4470800%,1,,,,,,,,,,,,,,,,,,
Abu Dhabi,17932,Yes,Corniche Redevelopment - Project Aqua,1300,AL BATEEN,AL BATEEN,Palaces,Centre,Yes,2018,Completed,0,0,Completed,Completed,Completed,Committed,0,"1,999",0,"958,840",0.5,0,0,68,1,"1,908",50%,0,0%,"65,473",0%,0,0%,0,0%,0,0%,0,?,?,0%,0.5,0%,0.5,0%,0.5,,,,,,,,,,,,,,,,,,
Abu Dhabi,1005,Yes,Etihad Towers,1300,AL BATEEN,AL BATEEN,0,NonCentre,Yes,2009,Completed,0,0,Completed,Completed,Completed,Committed,0,"235,947","3,898","104,440",1,0,0,306,1,0,100%,0,0%,92857.14286,70%,54132,100%,0,100%,0,0%,1,?,?,0%,1,0%,1,0%,1,,,,,,,,,,,,,,,,,,
Abu Dhabi,1740,Yes,Al Markaz-Waha Land,1333,AL BIHOUTH,AL BIHOUTH,0,NonCentre,Yes,2021,NA,0,0,Partially Delivered,Planned,Pipeline,Committed,0,"621,792",0,"214,269",1,0,0,55,1,688,100%,0,0%,1950,100%,0,100%,0,100%,0,0%,1,?,?,0%,1,0%,1,0%,1,,,,,,,,,,,,,,,,,,
Abu Dhabi,25258,Yes,Capital Garden,1289,AL MUNTAZAH,AL MUNTAZAH,0,NonCentre,Yes,2022,2023,0,0,Approved but Not Delivered,Committed,Pipeline,Committed,0,"34,337","3,201","65,685",1,0,0,0,1,994,100%,0,0%,0,100%,0,100%,0,100%,0,0%,1,?,?,0%,1,0%,1,0%,1,,,,,,,,,,,,,,,,,,
Abu Dhabi,Samha New Housing - Ph 3,Yes,Samha New Housing - Ph 3,1281,KHALIFA INDUSTRIAL,KHALIFA INDUSTRIAL,0,NonCentre,No,NA,NA,National Housing,Yes,Not Approved / Lapsed,Future,Future,Future,EH,,,0,1,"4,832",1,0,0,1001,100%,0,0%,0,0%,0,0%,0,0%,0,0%,0,?,?,1134840%,1,4539360%,1,0%,1,,,,,,,,,,,,,,,,,,
Abu Dhabi,Al Hanyourah,Yes,Al Hanyourah,1314,AL HANYOURAH,AL HANYOURAH,0,NonCentre,No,NA,NA,0,0,Not Approved / Lapsed,Future,Future,Future,Yes,,,"151,507",1,0,0,0,1,"1,083",100%,0,0%,"12,086",100%,"45,462",100%,0,100%,336,2689200%,1,?,?,0%,1,0%,1,0%,1,,,,,,,,,,,,,,,,,,
Abu Dhabi,1073,Yes,Golf Gardens II,26,KHALIFA CITY,KHALIFA CITY,0,NonCentre,Yes,2009,Completed,0,0,Completed,Completed,Completed,Committed,0,"236,656",NA,"632,485",1,0,0,0,1,0,100%,0,0%,"15,370",100%,0,100%,0,100%,0,0%,1,?,?,0%,1,0%,1,0%,1,,,,,,,,,,,,,,,,,,
Abu Dhabi,33436,Yes,Yas Gate,1279,AL BAHYAH,AL BAHYAH,0,NonCentre,Yes,2023,2026,0,0,Approved but Not Delivered,Planned,Pipeline,Committed,0,"113,356","1,050","756,325",0.25,0,0,"2,547",1,"5,418",25%,0,0%,"46,454",24%,676408,0%,0,0%,781.275,6250200%,0.5,?,?,0%,0.25,0%,0.25,0%,0.25,,,,,,,,,,,,,,,,,,
Abu Dhabi,2103,No,Bawabat Al Sharq - Phase 1,1329,BANI YAS,BANI YAS,0,NonCentre,Yes,,NA,0,0,Completed,Completed,Completed,Committed,0,,,"189,287",1,0,0,0,1,1392,100%,0,0%,1415,100%,0,100%,0,100%,0,0%,1,?,?,0%,1,0%,1,0%,1,,,,,,,,,,,,,,,,,,
Abu Dhabi,1113.3.2,Yes,"Zone YS-01, Yas South",1330,YAS ISLAND,YAS ISLAND,Yas Island,Centre,Yes,2017,NA,0,0,Completed,Completed,Completed,Committed,0,"181,192",0,"137,128",1,0,0,451,1,1393,100%,0,0%,"48,000",100%,248717,80%,0,100%,4040.0375,32320300%,1,?,?,0%,1,0%,1,0%,1,,,,,,,,,,,,,,,,,,
Abu Dhabi,26239,Yes,Data Center Master Plan,32,ZAYED MILITARY CITY,ZAYED MILITARY CITY,0,NonCentre,Yes,2020,2028,0,0,Approved but Not Delivered,Committed,Pipeline,Committed,0,"136,682",0,"374,178",1,0,0,0,1,0,100%,0,0%,"13,360",100%,162,100%,0,100%,0,0%,1,?,?,0%,1,0%,1,0%,1,,,,,,,,,,,,,,,,,,
Abu Dhabi,2105,Yes,National Rehabilitation center,5,SHAKHBOUT CITY,SHAKHBOUT CITY,0,NonCentre,Yes,2011,Completed,0,0,Completed,Completed,Completed,Committed,0,"68,206",NA,"163,168",1,0,0,"1,207",1,1525,100%,0,0%,"3,850",100%,0,100%,0,100%,0,0%,1,?,?,0%,1,0%,1,0%,1,,,,,,,,,,,,,,,,,,
Abu Dhabi,6033,Yes,Southside Destination Village & Logistics Park,1331,AL MATAR,AL MATAR,Airport,Centre,Yes,2014,NA,0,0,Partially Delivered,Planned,Pipeline,Committed,0,"776,895",0,"228,710",1,0,0,0,0,1573,100%,0,0%,2927.6,100%,2195.7,100%,0,100%,0,0%,1,?,?,0%,1,0%,1,0%,1,,,,,,,,,,,,,,,,,,
Abu Dhabi,1113.8,Yes,"Zone TP, Theme Park Zone",1330,YAS ISLAND,YAS ISLAND,Yas Island,Centre,Yes,2020,2022,0,0,Partially Delivered,Committed,Pipeline,Committed,0,"321,334",0,"78,768",1,0,0,140,1,1659,100%,0,0%,1046,100%,287,100%,0,100%,0,0%,1,?,?,0%,1,0%,1,0%,1,,,,,,,,,,,,,,,,,,
Abu Dhabi,15694,Yes,MBZ - Z29,48,MOHAMED BIN ZAYED CITY,MOHAMED BIN ZAYED CITY,0,NonCentre,Yes,NA,NA,National Housing,Yes,Approved but Not Delivered,Committed,Pipeline,Committed,0,"995,004","5,379","970,607",1,0,1,0,0,0,100%,0,0%,15900,100%,0,100%,0,100%,0,0%,1,?,?,0%,1,0%,1,0%,1,,,,,,,,,,,,,,,,,,
Abu Dhabi,1113.11,Yes,"Zone S, Yas Beach Club development ",1330,YAS ISLAND,YAS ISLAND,Yas Island,Centre,Yes,2015,Completed,0,0,Completed,Completed,Completed,Committed,0,"1,961",0,"2,132,125",0.25,0,0,"6,791",1,"3,946",25%,0,0%,87748,0%,0,0%,0,0%,246.375,1971000%,0,?,?,0%,0.25,0%,0.25,0%,0.25,,,,,,,,,,,,,,,,,,
Abu Dhabi,10234,Yes,Ghantoot Master Plan - Theme Park,1305,AL LAYYAN,AL LAYYAN,0,NonCentre,No,2015,NA,0,0,Not Approved / Lapsed,Future,Future,Future,Yes,,,"319,491",1,0,0,"1,023",1,"1,712",100%,0,0%,"22,681",100%,"22,681",0%,0,100%,0,0%,1,?,?,0%,1,0%,1,0%,1,,,,,,,,,,,,,,,,,,
Abu Dhabi,21301,Yes,The Gateway,1337,SAS AL NAKHL,SAS AL NAKHL,0,NonCentre,Yes,2020,2022,0,0,Approved but Not Delivered,Planned,Pipeline,Committed,0,"160,006","1,920","5,139,124",1,0,0,0,1,1720,100%,0,0%,126503,50%,0,100%,0,100%,0,0%,1,?,?,5566440%,1,22265760%,1,0%,1,,,,,,,,,,,,,,,,,,
Abu Dhabi,1303,Yes,Al Bateen Park Development,1300,AL BATEEN,AL BATEEN,0,NonCentre,Yes,2010,Completed,0,0,Completed,Completed,Completed,Committed,0,"123,189",NA,"864,083",1,0,0,385,1,531,100%,0,0%,"17,208",100%,21600,100%,0,100%,38.2625,306100%,1,?,?,0%,1,0%,1,0%,1,,,,,,,,,,,,,,,,,,
Abu Dhabi,29137,Yes,"Zone E, Welcome Pavilion and Cascade, YS1_C2",1330,YAS ISLAND,YAS ISLAND,Yas Island,Centre,Yes,2010,Completed,DCR Approval,0,Completed,Completed,Completed,Committed,0,"17,566",0,"1,268,743",1,0,0,0,0,"1,772",100%,0,0%,"32,192",100%,"2,208",100%,0,100%,0,0%,1,?,?,2377120%,1,9508480%,1,0%,1,,,,,,,,,,,,,,,,,,
Abu Dhabi,1007.38.3,No,Cultural District Phase 1,1347,AL SAADIYAT ISLAND,AL SAADIYAT ISLAND,Saadiyat Island,Centre,Yes,2019,2025,0,0,Partially Delivered,Committed,Pipeline,Committed,0,"1,579,333","24,305",0,1,0,0,NA,1,"1,808",100%,0,0%,0,0%,0,0%,0,0%,0,0%,0,?,?,2049600%,1,8198400%,1,0%,1,,,,,,,,,,,,,,,,,,
Abu Dhabi,18211,Yes,Masnouah Island West,1343,QIRQISHAN,QIRQISHAN,0,NonCentre,Yes,2019,NA,0,0,Approved but Not Delivered,Planned,Pipeline,Committed,0,"35,000",0,"349,496",1,0,0,"6,210",1,449,100%,0,0%,20000,100%,0,100%,,100%,0,0%,1,?,?,0%,1,0%,1,0%,1,,,,,,,,,,,,,,,,,,
Abu Dhabi,1116.5,Yes,Al Falah - Town Centre,31,AL FALAH,AL FALAH,0,NonCentre,Yes,2012,Completed,National Housing?,Yes,Completed,Completed,Completed,Committed,0,"881,057","9,202",0,0.5,0,1,0,0,3800,50%,0,0%,0,0%,0,0%,0,0%,0,0%,0,?,?,0%,0.5,0%,0.5,0%,0.5,,,,,,,,,,,,,,,,,,
Abu Dhabi,1113.24.x,Yes,"Zone AA-02, Yas Island Staff Housing, Phase 2",1330,YAS ISLAND,YAS ISLAND,0,NonCentre,Yes,2018,2025,0,0,Approved but Not Delivered,Planned,Pipeline,Committed,0,"42,241","4,704","479,509",1,0,0,"2,503",1,NA,100%,0,0%,"160,279",100%,1751,100%,0,100%,0,0%,1,?,?,0%,1,0%,1,0%,1,,,,,,,,,,,,,,,,,,
Abu Dhabi,1113.28,Yes,Zone IB - Phase 2,1330,YAS ISLAND,YAS ISLAND,Yas Island,Centre,Yes,2023,2026,0,0,Approved but Not Delivered,Committed,Pipeline,Committed,0,"267,951","6,907",0,1,0,0,0,1,1950,100%,0,0%,0,0%,0,0%,0,0%,0,0%,0,?,?,2523360%,1,10093440%,1,0%,1,,,,,,,,,,,,,,,,,,
Abu Dhabi,1097.4,Yes,Najmat Phases 1 & 2,57,AL REEM ISLAND,AL REEM ISLAND,Downtown,Centre,Yes,2021,2035,0,0,Partially Delivered,Committed,Pipeline,Committed,0,"2,889,535","34,344","514,516",1,0,0,0,1,1497,100%,0,0%,"27,401",100%,0,100%,0,100%,472.925,3783400%,1,?,?,0%,1,0%,1,0%,1,,,,,,,,,,,,,,,,,,
Abu Dhabi,2115.2,No,Al Forsan Village,26,KHALIFA CITY,KHALIFA CITY,0,NonCentre,Yes,2023,Completed,0,0,Completed,Completed,Completed,Committed,0,"229,787",0,"170,166",1,0,0,0,1,1975,100%,0,0%,"13,100",100%,0,100%,101836,100%,0,0%,1,?,?,0%,1,0%,1,0%,1,,,,,,,,,,,,,,,,,,
Abu Dhabi,1113.18,Yes,Zone IB - Phase 1,1330,YAS ISLAND,YAS ISLAND,Yas Island,Centre,Yes,2017,Completed,0,0,Completed,Completed,Completed,Committed,0,"250,799","7,144","382,338",1,0,0,234,1,2005,100%,0,0%,13992,100%,14377,100%,0,100%,659.825,5278600%,1,?,?,0%,1,0%,1,0%,1,,,,,,,,,,,,,,,,,,
Abu Dhabi,1113.24,Yes,"Zone AA-02, Yas Island Staff Housing, Phase 1",1330,YAS ISLAND,YAS ISLAND,0,NonCentre,Yes,2018,Completed,0,0,Completed,Completed,Completed,Committed,0,"65,685","3,060","565,087",0.5,0,0,"2,213",1,"4,172",50%,0,0%,"9,960",50%,0,50%,0,0%,0,0%,0.5,?,?,0%,1,0%,0.5,0%,0.5,,,,,,,,,,,,,,,,,,
Abu Dhabi,18932,Yes,Al Gurm Phase II,1292,AL QURM,AL QURM,0,NonCentre,Yes,2019,2022,0,0,Approved but Not Delivered,Committed,Pipeline,Committed,0,"100,289",525,"229,304",1,0,0,76,0,1460,100%,0,0%,"3,810",100%,0,100%,0,100%,0,0%,1,?,?,0%,1,0%,1,0%,1,,,,,,,,,,,,,,,,,,
Abu Dhabi,1113.6.12.4,Yes,Noya 4 & 5,1330,YAS ISLAND,YAS ISLAND,0,NonCentre,Yes,2022,2025,0,0,Approved but Not Delivered,Committed,Pipeline,Committed,0,"182,036","4,383","245,455",1,0,0,449,1,2255,100%,0,0%,575,100%,0,100%,0,100%,0,0%,1,?,?,0%,1,0%,1,0%,1,,,,,,,,,,,,,,,,,,
Abu Dhabi,Al Sader Ph2,Yes,Al Sader Project National Housing - Ph2,30,AL SADER,AL SADER,0,NonCentre,No,NA,NA,National Housing,Yes,Not Approved / Lapsed,Future,Future,Future,EH,,"8,738","770,361",1,0,1,0,0,1000,100%,0,0%,"19,000",100%,0,0%,0,100%,0,0%,1,?,?,0%,1,0%,1,0%,1,,,,,,,,,,,,,,,,,,
Abu Dhabi,5365,Yes,Al Merief,26,KHALIFA CITY,KHALIFA CITY,Airport,Centre,Yes,2017,2020,0,0,Partially Delivered,Committed,Pipeline,Committed,0,"238,580","5,695","2,695,089",1,0,0,72,1,2291,100%,0,0%,"331,015",50%,171417,0%,0,100%,0,0%,1,?,?,3113400%,1,12453600%,1,0%,1,,,,,,,,,,,,,,,,,,
Abu Dhabi,1113.6.12.2,Yes,Noya 2,1330,YAS ISLAND,YAS ISLAND,0,NonCentre,Yes,2022,2024,0,0,Approved but Not Delivered,Committed,Pipeline,Committed,0,"163,187","3,262","1,093,074",0.4,0,0,510,1,NA,40%,0,0%,35875,40%,0,40%,0,0%,784.9568966,9105500%,1,?,?,350000%,0.4,140000%,0.4,1570000%,0.4,,,,,,,,,,,,,,,,,,
Abu Dhabi,26626,Yes,Al Nahda Master Plan,1329,BANI YAS,BANI YAS,Al Nahda,Centre,Yes,2021,2025,National Housing,Yes,Approved but Not Delivered,Committed,Pipeline,Committed,0,"5,543,949","47,893","889,296",0.9,"4,000",1,0,0,1865,90%,0,0%,51344,90%,0,90%,0,100%,3175.526667,47632900%,1,?,?,0%,1,0%,0.9,0%,0.9,,,,,,,,,,,,,,,,,,
Abu Dhabi,24996,Yes,"MZ Fisherman's Wharf Souqs
",1288,ZAYED PORT,ZAYED PORT,0,NonCentre,Yes,2022,2024,0,0,Partially Delivered,Committed,Pipeline,Committed,Yes,"82,955",491,"742,875",0.6,0,0,"1,458",1,3252,60%,0,0%,"52,672",60%,0,60%,0,60%,0,0%,0.6,?,?,0%,0.6,0%,0.6,0%,0.6,,,,,,,,,,,,,,,,,,
Abu Dhabi,39724,Yes,Reportage Village,26,KHALIFA CITY,KHALIFA CITY,0,NonCentre,Yes,2024,2026,0,0,Approved but Not Delivered,Committed,Pipeline,Committed,0,"82,771","1,466","257,788",1,0,0,0,1,"2,536",100%,0,0%,"3,269",100%,0,100%,0,100%,0,0%,1,?,?,0%,1,0%,1,0%,1,,,,,,,,,,,,,,,,,,
Abu Dhabi,1039.1,Yes,Hashemi Hotel,1303,AL ZAHIYAH,AL ZAHIYAH,0,NonCentre,Yes,2016,2017,0,0,Not Approved / Lapsed,Future,Future,Future,No,"32,624",0,"727,074",1,0,0,"1,342",1,"1,325",100%,0,0%,"19,221",100%,"1,000",100%,0,100%,612,4893300%,1,?,?,0%,1,0%,1,0%,1,,,,,,,,,,,,,,,,,,
Abu Dhabi,Samha New Housing - Ph 1,Yes,Samha New Housing - Ph 1,1326,MUWAYLIH,MUWAYLIH,0,NonCentre,No,NA,NA,National Housing,Yes,Not Approved / Lapsed,Future,Future,Future,EH,,,"364,156",1,0,1,0,0,2713,100%,0,0%,7629,100%,151377,70%,0,100%,1031.525,8252200%,1,?,?,0%,1,0%,1,0%,1,,,,,,,,,,,,,,,,,,
Abu Dhabi,2108.1,No,Razeen Labour Camps (x 4),1325,AL WATHBAH,AL WATHBAH,0,NonCentre,Yes,2010,Completed,0,0,Completed,Completed,Completed,Committed,0,"690,720",NA,"1,731,568",1,0,0,0,1,363,100%,0,0%,"19,100",100%,0,100%,0,100%,0,0%,1,?,?,0%,1,0%,1,0%,1,,,,,,,,,,,,,,,,,,
Abu Dhabi,1113.E1_C3e,Yes,"Zone E, E1_C3e",1330,YAS ISLAND,YAS ISLAND,0,NonCentre,No,NA,NA,0,0,Not Approved / Lapsed,Future,Future,Future,No,"16,949",,"436,150",1,0,0,45,1,371,100%,0,0%,"21,826",100%,0,100%,0,100%,0,0%,1,?,?,0%,1,0%,1,0%,1,,,,,,,,,,,,,,,,,,
Abu Dhabi,2103.2,No,Bawabat Al Sharq Phase 3,1329,BANI YAS,BANI YAS,0,NonCentre,Yes,2018,2020,0,0,Completed,Completed,Completed,Committed,0,"60,898",982,"617,452",1,0,0,0,1,2580,100%,0,0%,19365,100%,0,0%,0,0%,0,0%,1,?,?,0%,1,0%,1,0%,1,,,,,,,,,,,,,,,,,,
Abu Dhabi,1116.1,Yes,Al Falah Community - Villages 1-5,31,AL FALAH,AL FALAH,0,NonCentre,Yes,2009,Completed,Emirati Housing MP,Yes,Completed,Completed,Completed,Committed,0,"1,807,704","36,240","412,595",1,0,1,0,0,3527,100%,0,0%,"100,000",100%,0,100%,0,100%,300.875,2407000%,1,?,?,0%,1,0%,1,0%,1,,,,,,,,,,,,,,,,,,
Abu Dhabi,21592,Yes,Merzab Community Development,1327,AL SAMHAH,AL SAMHAH,0,NonCentre,Yes,2021,2024,0,0,Approved but Not Delivered,Committed,Pipeline,Committed,0,"83,138","1,614","200,000",1,0,0,0,1,0,100%,0,0%,"35,587",100%,"416,749",0%,4042251.58,5%,0,0%,1,?,?,0%,1,0%,1,0%,1,,,,,,,,,,,,,,,,,,
Abu Dhabi,17158,Yes,Qasr Al Jurf,1306,GHADEER AL TAYR,GHADEER AL TAYR,0,NonCentre,Yes,2023,2024,0,0,Approved but Not Delivered,Committed,Pipeline,Committed,0,"192,147","2,687",0,1,0,0,0,1,4600,100%,0,0%,0,0%,0,0%,0,0%,0,0%,0,?,?,5216400%,1,20865600%,1,0%,1,,,,,,,,,,,,,,,,,,
Abu Dhabi,SHM13_P1,Yes,SHM13_P1,64,AL SHAWAMEKH,AL SHAWAMEKH,0,NonCentre,No,NA,NA,National Housing?,Yes,Not Approved / Lapsed,Future,Future,Future,EH,,,0,1,88,1,0,0,3720,100%,0,0%,0,0%,0,0%,0,0%,0,0%,0,?,?,5040000%,1,20160000%,1,0%,1,,,,,,,,,,,,,,,,,,
Abu Dhabi,1164,Yes,Zayed Sports City,1297,AL RAWDAH,AL RAWDAH,Zayed Sports City,Centre,Yes,2018,NA,0,0,Approved but Not Delivered,Committed,Pipeline,Committed,0,"1,927,515","29,577","553,700",1,0,0,0,1,3767,100%,0,0%,"16,888",100%,64302,100%,0,100%,875,7000000%,1,?,?,0%,1,0%,1,0%,1,,,,,,,,,,,,,,,,,,
Abu Dhabi,1131,Yes,United Square,1290,AL KHALIDIYAH,AL KHALIDIYAH,0,NonCentre,Yes,2013,Completed,0,0,Completed,Completed,Completed,Committed,0,"64,750",NA,"524,347",1,0,0,"1,439",1,3831,100%,0,0%,"37,721",100%,269983,0%,0,100%,0,0%,1,?,?,0%,1,0%,1,0%,1,,,,,,,,,,,,,,,,,,
Abu Dhabi,17054,Yes,Higher College of Technology Complex,64,AL SHAWAMEKH,AL SHAWAMEKH,0,NonCentre,Yes,2018,Completed,0,0,Completed,Completed,Completed,Committed,0,"90,590",0,"674,741",0.7,0,0,281,1,5435,70%,0,0%,"44,995",70%,183806,70%,0,100%,225,1800000%,1,?,?,0%,0.7,0%,0.7,0%,0.7,,,,,,,,,,,,,,,,,,
Abu Dhabi,5000,Yes,KIZAD MP,1332,AL MA'MOURAH,AL MA'MOURAH,0,NonCentre,Yes,2018,NA,0,0,Partially Delivered,Committed,Pipeline,Committed,0,"12,108,742",0,"900,000",0.3,0,0,1,1,0,30%,0,0%,"150,000",30%,"350,000",25%,0,0%,517,6000000%,1,?,?,0%,0.3,0%,0.3,0%,0.3,,,,,,,,,,,,,,,,,,
Abu Dhabi,38988,Yes,Reem Hills - Phase 3,57,AL REEM ISLAND,AL REEM ISLAND,0,NonCentre,No,NA,NA,0,0,Not Approved / Lapsed,Future,Future,Future,Yes,"650,612","10,690","729,832",1,0,0,142,1,2690,100%,0,0%,28400,100%,1300,100%,0,100%,126.4655172,1467000%,1,?,?,0%,1,0%,1,0%,1,,,,,,,,,,,,,,,,,,
Abu Dhabi,1113.14,Yes,Sky Venture AD (Clymb),1330,YAS ISLAND,YAS ISLAND,0,NonCentre,Yes,2016,Completed,0,0,Completed,Completed,Completed,Committed,0,"5,934",0,0,0.6,0,0,110,1,"6,750",60%,0,0%,0,0%,0,0%,0,0%,0,0%,0,?,?,7654920%,0.6,30619680%,0.6,0%,0.6,,,,,,,,,,,,,,,,,,
Abu Dhabi,Musaffah_New,Yes,Musaffah_New,,,,,,,,0,0,0,0,0,0,0,0,,,"830,503",1,0,0,0,0,1818,100%,0,0%,20080,100%,2250,0%,0,100%,0,0%,1,?,?,0%,1,0%,1,0%,1,,,,,,,,,,,,,,,,,,
Abu Dhabi,1113.9,Yes,"Zone JA, Ansam Residential Development",1330,YAS ISLAND,YAS ISLAND,Yas Island,Centre,Yes,2012,2025,0,0,Partially Delivered,Committed,Pipeline,Committed,0,"226,079","5,846","810,000",0.5,0,0,312,1,0,50%,0,0%,80000,30%,400000,25%,50000,100%,258.6206897,3000000%,1,?,?,0%,0.5,0%,0.5,0%,0.5,,,,,,,,,,,,,,,,,,
Abu Dhabi,Al Haffar,Yes,Al Haffar,380,AL HAFFAR,AL HAFFAR,0,NonCentre,No,NA,TBD,Future project - Pre-concept planning estimated #s,Yes,Not Approved / Lapsed,Future,Future,Future,EH,TBD,"28,000","1,622,389",1,NA,1,0,0,8758,50%,0,0%,"120,048",100%,"100,000",0%,"179,085",100%,"2,691",21529500%,0.4,?,?,0%,1,0%,1,0%,1,,,,,,,,,,,,,,,,,,
Abu Dhabi,1113.7.JB_JC,Yes,"Zones JB, JC & JD, Yas Links",1330,YAS ISLAND,YAS ISLAND,0,NonCentre,No,NA,NA,"IWFP estimate, Not Approved",0,Not Approved / Lapsed,Future,Future,Future,No,"32,000",500,"713,791",1,0,0,"2,376",1,"2,026",100%,0,0%,"24,950",100%,0,100%,0,100%,0,0%,1,?,?,0%,1,0%,1,0%,1,,,,,,,,,,,,,,,,,,
Abu Dhabi,18650,Yes,Al Khatim,1250,AL KHATM,AL KHATM,0,NonCentre,No,2019,NA,Future project - Pre-concept planning estimated #s,Yes,Not Approved / Lapsed,Future,Future,Future,EH,TBD,973,"631,092",1,"7,626",1,0,0,"4,598",100%,0,0%,"61,331",100%,140763,100%,0,100%,1521.9375,12175500%,1,?,?,0%,1,0%,1,0%,1,,,,,,,,,,,,,,,,,,
Abu Dhabi,1251.2,Yes,Marina Village Villas,1296,AL KASIR,AL KASIR,Palaces,Centre,Yes,2013,Completed,0,0,Completed,Completed,Completed,Committed,0,"95,000",720,"765,848",0.6,0,0,0,1,7886,60%,0,0%,"27,171",60%,"32,943",60%,60559,100%,143.5285,1148228%,1,?,?,0%,0.6,0%,0.6,0%,0.6,,,,,,,,,,,,,,,,,,
Abu Dhabi,1025,Yes,Bateen Wharf,1300,AL BATEEN,AL BATEEN,0,NonCentre,Yes,2013,Completed,0,0,Completed,Completed,Completed,Committed,0,"5,528",NA,"1,478,486",0.5,0,0,"2,485",0.6,"9,857",50%,0,0%,"100,000",50%,"68,785",0%,0,0%,345,4000000%,2,?,?,3123900%,0.5,12495600%,0.5,0%,0.5,,,,,,,,,,,,,,,,,,
Abu Dhabi,1097.34,Yes,Najmat Phase 3,57,AL REEM ISLAND,AL REEM ISLAND,Downtown,Centre,Yes,2022,2035,0,0,Partially Delivered,Committed,Pipeline,Committed,0,"1,729,203","25,547","196,909",1,0,0,488,1,5547,100%,0,0%,"3,670",100%,147,100%,0,100%,0,0%,1,?,?,0%,1,0%,1,0%,1,,,,,,,,,,,,,,,,,,
Abu Dhabi,1007.38,Yes,Cultural District MP,1347,AL SAADIYAT ISLAND,AL SAADIYAT ISLAND,Saadiyat Island,Centre,Yes,2022,2028,0,0,Approved but Not Delivered,Committed,Pipeline,Committed,0,"2,776,045","40,009","625,000",1,0,0,0,1,5711,100%,0,0%,"303,948",100%,"464,376",0%,0,100%,"3,531",28249600%,1,?,?,0%,1,0%,1,0%,1,,,,,,,,,,,,,,,,,,
Abu Dhabi,33450,Yes,Tawazun Industrial Park Phase 2,32,ZAYED MILITARY CITY,ZAYED MILITARY CITY,0,NonCentre,Yes,2023,2031,0,0,Approved but Not Delivered,Planned,Pipeline,Committed,0,"4,755,479","12,000","1,534,275",1,0,0,0,1,0,100%,0,0%,"303,948",100%,1000576,47%,0,100%,5093.075,40744600%,1,?,?,26470000%,1,0%,1,14523700%,1,,,,,,,,,,,,,,,,,,
Abu Dhabi,1113.7.JE,Yes,"Zone JE, Yas Links View Apartment South",1330,YAS ISLAND,YAS ISLAND,0,NonCentre,No,NA,NA,"IWFP estimate, Not Approved",0,Not Approved / Lapsed,Future,Future,Future,No,"27,000",675,"2,073,705",0.5,0,0,0,1,"12,616",50%,0,0%,"120,525",100%,"53,300",100%,0,100%,"1,766",16265300%,1,?,?,0%,0.5,0%,0.5,0%,0.5,,,,,,,,,,,,,,,,,,
Abu Dhabi,1113.1.4,Yes,"Zone GA, Marina & Yacht Club",1330,YAS ISLAND,YAS ISLAND,0,NonCentre,Yes,2008,NA,"IWFP estimate, Not Approved",0,Completed,Completed,Completed,Committed,0,"8,360",NA,"736,973",1,0,0,"7,165",1,"6,669",100%,0,0%,85173,100%,284078,45%,1500,0%,996.8164655,11563071%,1,?,?,0%,1,0%,1,0%,1,,,,,,,,,,,,,,,,,,
Abu Dhabi,24811,Yes,Manazel Tower -YS1_C9/E507b,1330,YAS ISLAND,YAS ISLAND,0,NonCentre,Yes,2020,NA,0,0,Approved but Not Delivered,Committed,Pipeline,Committed,0,"11,481",NA,"1,283,515",1,0,0,0,0.6,"6,671",100%,0,0%,"40,369",100%,"95,966",100%,1500,100%,630,5039000%,1,?,?,0%,1,0%,1,0%,1,,,,,,,,,,,,,,,,,,
Abu Dhabi,5746,Yes,Traditional Souq,1297,AL RAWDAH,AL RAWDAH,0,NonCentre,Yes,2019,2021,0,0,Approved but Not Delivered,Committed,Pipeline,Committed,0,"105,520",0,"1,725,014",0.8,0,0,400,1,7396,80%,0,0%,"123,723",80%,23753,80%,0,0%,433.26,6498900%,1,?,?,0%,0.8,0%,0.8,0%,0.8,,,,,,,,,,,,,,,,,,
Abu Dhabi,1007.7,Yes,New York University,1347,AL SAADIYAT ISLAND,AL SAADIYAT ISLAND,Saadiyat Island,Centre,Yes,2014,Completed,0,0,Completed,Completed,Completed,Committed,0,"254,242","2,800","1,451,390",0.6,0,0,0,1,11610,60%,0,0%,"58,400",100%,7425,100%,0,100%,"1,521",12167400%,1,?,?,0%,0.6,0%,0.6,0%,0.6,,,,,,,,,,,,,,,,,,
Abu Dhabi,ABU AL HABL ISLAND_P1,Yes,ABU AL HABL ISLAND_P1,1346,ABU AL HABL ISLAND,ABU AL HABL ISLAND,0,NonCentre,No,NA,NA,0,0,Not Approved / Lapsed,Future,Future,Future,Yes,,,0,1,0,0,43,1,"3,720",100%,0,0%,0,100%,0,100%,0,100%,0,0%,1,?,?,0%,1,0%,1,0%,1,,,,,,,,,,,,,,,,,,
Abu Dhabi,1251.1,Yes,Fairmont Hotel,1296,AL KASIR,AL KASIR,Palaces,Centre,Yes,2016,Completed,0,0,Completed,Completed,Completed,Committed,0,"146,044",177,"1,231,783",1,0,0,580,1,7200,100%,0,0%,"337,779",75%,51811,100%,100,0%,893.75,7150000%,1,?,?,0%,1,0%,1,0%,1,,,,,,,,,,,,,,,,,,
Abu Dhabi,16775,Yes,Mina Zayed_Phase 1 - Nat Housing,1288,ZAYED PORT,ZAYED PORT,0,NonCentre,No,NA,NA,0,Yes,Not Approved / Lapsed,Future,Future,Future,Yes,"1,999,349","42,242","744,646",1,NA,0,0,0,7662,100%,0,0%,"72,009",100%,577278.32,80%,178067,100%,"1,114",8908700%,1,?,?,0%,1,0%,1,0%,1,,,,,,,,,,,,,,,,,,
Abu Dhabi,25087.x,Yes,Mina Zayed  - Rest of Phase 2,1288,ZAYED PORT,ZAYED PORT,0,NonCentre,No,NA,NA,0,0,Not Approved / Lapsed,Future,Future,Future,Yes,"1,470,000","23,143","1,302,880",0.6,0,0,0,1,12186,60%,0,0%,40350,100%,27700,100%,0,100%,314.4125,2515300%,1,?,?,0%,0.6,0%,0.6,0%,0.6,,,,,,,,,,,,,,,,,,
Abu Dhabi,32379,Yes,Al Falah Sector 5,31,AL FALAH,AL FALAH,0,NonCentre,Yes,NA,NA,National Housing?,Yes,Approved but Not Delivered,Committed,Pipeline,Committed,0,,,"26,089,586",0.5,"1,280",1,0,0,18042.15294,50%,0,0%,396097.1566,100%,716059.7964,10%,1218077.51,15%,595.101375,4760811%,1,?,?,56032980%,1,224131919%,0.5,0%,0.5,,,,,,,,,,,,,,,,,,
Abu Dhabi,1416,Yes,Yas Canal,1279,AL BAHYAH,AL BAHYAH,0,NonCentre,No,NA,NA,Land Ownership TBD,Yes,Not Approved / Lapsed,Future,Future,Future,EH,,"8,595","2,062,875",0.6,NA,1,0,0,15428,60%,0,0%,"314,572",55%,382576,45%,0,100%,1556.25,12450000%,1,?,?,0%,0.6,0%,0.6,0%,0.6,,,,,,,,,,,,,,,,,,
Abu Dhabi,1104,Yes,Ghantoot Green City,1306,GHADEER AL TAYR,GHADEER AL TAYR,0,NonCentre,Expired,2009,NA,No Time extension Awarded yet,0,Not Approved / Lapsed,Future,Future,Future,Yes,,,0,1,0,0,0,0.8,"3,800",100%,0,0%,0,100%,0,100%,0,100%,0,0%,1,?,?,0%,1,0%,1,0%,1,,,,,,,,,,,,,,,,,,
Abu Dhabi,Riyadh,Yes,Madinat Al Riyadh,1240,MADINAT AL RIYAD,MADINAT AL RIYAD,Al Shamkah South,Centre,Yes,,NA,"National Housing + Commercial / InvestmentPlots, Per MP GIS dated 20200430",Yes,Partially Delivered,Committed,Pipeline,Committed,0,"31,288,145","299,096","1,991,453",1,0,1,0,0,11717,100%,0,0%,"205,740",100%,"111,809",100%,0,100%,936,10860000%,1,?,?,0%,1,0%,1,0%,1,,,,,,,,,,,,,,,,,,
Abu Dhabi,1122,No,Al Gurm Master Plan,1292,AL QURM,AL QURM,0,NonCentre,Yes,2014,2030,0,0,Partially Delivered,Planned,Pipeline,Committed,0,"100,688",932,"1,454,494",1,0,0,500,1,11402,100%,0,0%,143381,100%,150,100%,0,100%,0,0%,1,?,?,0%,1,0%,1,0%,1,,,,,,,,,,,,,,,,,,
Abu Dhabi,1086.3,Yes,Al Ghadeer Phases 2-4,1305,AL LAYYAN,AL LAYYAN,0,NonCentre,Yes,2018,2030,0,0,Partially Delivered,Committed,Pipeline,Committed,0,"1,559,895","43,554","2,840,326",1,0,0,0,0,11165,100%,0,0%,"69,212",50%,26630,100%,0,100%,751.0125,6008100%,1,?,?,0%,1,0%,1,0%,1,,,,,,,,,,,,,,,,,,
Abu Dhabi,2573,No,Sheikh Khalifa Medical City MP,1294,AL MANHAL,AL MANHAL,0,NonCentre,Yes,2022,NA,"New Hospital project of 72,000 SqM Approved to the existing 152,000 SqM within the  MP",0,Partially Delivered,Committed,Pipeline,Committed,0,"224,000",0,"3,016,881",1,0,0,600,1,6860,100%,0,0%,127248,0%,284078,0%,5700,0%,2583.571375,20668571%,0,?,?,0%,1,0%,1,0%,1,,,,,,,,,,,,,,,,,,
Abu Dhabi,5753,Yes,Burjeel Medical City,48,MOHAMED BIN ZAYED CITY,MOHAMED BIN ZAYED CITY,0,NonCentre,Yes,2016,Completed,0,0,Completed,Completed,Completed,Committed,0,"82,531",0,"1,514,064",0.9,0,0,0,1,"14,701",90%,0,0%,"37,120",90%,"78,397",100%,0,100%,474.137931,5500000%,3,?,?,0%,0.9,0%,0.9,0%,0.9,,,,,,,,,,,,,,,,,,
Abu Dhabi,1475,Yes,Marina Mixed Use Development- Bloom,1300,AL BATEEN,AL BATEEN,Palaces,Centre,Yes,2013,Completed,0,0,Completed,Completed,Completed,Committed,0,"86,437",NA,0,0,0,0,"1,220",1,0,0%,0,0%,0,0%,0,0%,0,0%,0,0%,0,?,?,0%,0,0%,0,0%,0,,,,,,,,,,,,,,,,,,
Abu Dhabi,1089.62,Yes,"Tamouh Sectors RT1,RT2,RT3,RT5 &RT6",57,AL REEM ISLAND,AL REEM ISLAND,Downtown,Centre,Yes,2020,2024,0,0,Partially Delivered,Committed,Pipeline,Committed,0,"4,997,488","54,626","8,619,367",0.8,0,0,"1,165",1,10400,80%,0,0%,348122,60%,0,60%,0,0%,0,0%,1,?,?,0%,1,0%,0.8,0%,0.8,,,,,,,,,,,,,,,,,,
Abu Dhabi,1001.8.1,Yes,Masdar Phase 1 & 2,26,KHALIFA CITY,KHALIFA CITY,Airport,Centre,Yes,2023,2030,0,0,Partially Delivered,Committed,Pipeline,Committed,0,"1,857,608","19,528","2,993,061",0.5,0,0,0,1,35212.48235,50%,0,0%,"614,292",0%,"83,590",0%,0,0%,"5,624",44994900%,0,?,?,0%,0.5,0%,0.5,0%,0.5,,,,,,,,,,,,,,,,,,
Abu Dhabi,21661,Yes,"Zone E, Yas Neighbourhood Project",1330,YAS ISLAND,YAS ISLAND,0,NonCentre,Yes,2019,2021,0,0,Approved but Not Delivered,Planned,Pipeline,Committed,0,"23,051",320,"249,120",1,0,0,470,1,"31,140",60%,0,0%,"250,000",100%,"100,000",100%,600000,100%,"1,000",0%,1,?,?,0%,1,0%,1,0%,1,,,,,,,,,,,,,,,,,,
Abu Dhabi,1106,No,"Y-Tower, C61_C63",1303,AL ZAHIYAH,AL ZAHIYAH,0,NonCentre,Yes,2017,NA,0,0,Approved but Not Delivered,Committed,Pipeline,Committed,0,"122,530",,"2,708,108",1,0,0,0,0,19700,100%,0,0%,140014,100%,235602,45%,0,100%,1766.2,14129600%,1,?,?,0%,1,0%,1,0%,1,,,,,,,,,,,,,,,,,,
Abu Dhabi,21227.1,No,Bawabat Al Sharq Development_2,1329,BANI YAS,BANI YAS,0,NonCentre,Yes,2023,2025,0,0,Approved but Not Delivered,Committed,Pipeline,Committed,0,"19,330",389,"3,671,635",0.8,0,0,0,1,24831,80%,0,0%,"174,255",75%,500705,40%,0,100%,4433.5625,35468500%,1,?,?,0%,0.8,0%,0.8,0%,0.8,,,,,,,,,,,,,,,,,,
Abu Dhabi,1113.4,Yes,"Zone K, West Yas Residential Community",1330,YAS ISLAND,YAS ISLAND,Yas Island,Centre,Yes,2018,Completed,0,0,Completed,Completed,Completed,Committed,0,"710,886","9,028","2,314,751",1,0,0,265,1,20295,100%,0,0%,122192.72,100%,610221,100%,238626,100%,1257.1125,10056900%,1,?,?,0%,1,0%,1,0%,1,,,,,,,,,,,,,,,,,,
Abu Dhabi,Zayed Military city,Yes,Zayed Military city,32,ZAYED MILITARY CITY,ZAYED MILITARY CITY,0,NonCentre,No,NA,NA,Future project - Pre-concept planning estimated #s,Yes,Not Approved / Lapsed,Future,Future,Future,EH,TBD,"9,870","3,950,427",0.8,0,1,0,0,29663,80%,0,0%,194838,75%,"387,832",85%,0,100%,4417.7375,35341900%,1,?,?,0%,0.8,0%,0.8,0%,0.8,,,,,,,,,,,,,,,,,,
Abu Dhabi,2103.3,No,Bawabat Al Sharq P4,1329,BANI YAS,BANI YAS,0,NonCentre,Yes,,NA,0,0,Completed,Completed,Completed,Committed,0,,,"18,595,407",0.4,0,0,0,1,88330,45%,0,0%,746135.4603,55%,4292534.137,30%,0,37%,6165.517241,71520000%,1,?,?,65306880%,0.4,261227520%,0.4,0%,0.4,,,,,,,,,,,,,,,,,,
Abu Dhabi,AL SMEEH_21,Yes,AL SMEEH_21,1307,AL SMEEH,AL SMEEH,0,NonCentre,No,NA,NA,0,0,Not Approved / Lapsed,Future,Future,Future,No,,,"6,832,379",1,0,0,0,0.85,NA,100%,0,0%,"613,325",100%,"421,064",100%,51562,100%,"5,614",65121500%,1,?,?,0%,1,0%,1,0%,1,,,,,,,,,,,,,,,,,,
Abu Dhabi,37817,Yes,Hudayriat East MP,1315,AL HIDAYRIYYAT,AL HIDAYRIYYAT,0,NonCentre,No,NA,2028,0,0,Not Approved / Lapsed,Future,Future,Future,Yes,"9,529,757","103,815","10,718,542",1,0,0,0,1,52649,100%,0,0%,"1,962,703",100%,2789233,100%,7091998.58,100%,"10,768",86143400%,1,?,?,0%,1,0%,1,0%,1,,,,,,,,,,,,,,,,,,
Abu Dhabi,1996,Yes,ICAD 4,19,ABU DHABI INDUSTRIAL CITY,ABU DHABI INDUSTRIAL CITY,0,NonCentre,Yes,2023,2040,GFA provided by AD Ports,0,Partially Delivered,Planned,Pipeline,Committed,0,"9,533,855","34,961",0,0,0,0,0,0.7,0,0%,0,0%,0,0%,0,0%,0,0%,0,0%,0,?,?,1075200%,0,4300800%,0,0%,0,,,,,,,,,,,,,,,,,,
Abu Dhabi,1113.1.7,Yes,"Zone H (Race Day Hotels 1,2,3,4,5,6)",1330,YAS ISLAND,YAS ISLAND,0,NonCentre,Yes,2008,Completed,0,0,Completed,Completed,Completed,Committed,0,"156,340",0,0,0,0,0,0,1,0,0%,0,0%,0,0%,0,0%,0,0%,0,0%,0,?,?,0%,0,0%,0,0%,0,,,,,,,,,,,,,,,,,,
Abu Dhabi,Labor Accommodation 1,,MUSAFFAH,,MUSAFFAH Labor Accommodation 1,,,,,,,,,,,,,,,,,,,,,,,,150,100%,,,,,,,,,,,,,,,,,,,,,,,,,,,,,,,,,,,
Abu Dhabi,Labor Accommodation 2,,ABU DHABI INDUSTRIAL CITY,,ABU DHABI INDUSTRIAL CITY Labor Accommodation 2,,,,,,,,,,,,,,,,,,,,,,,,1864,100%,,,,,,,,,,,,,,,,,,,,,,,,,,,,,,,,,,,
Abu Dhabi,Labor Accommodation 3,,MUSAFFAH,,MUSAFFAH Labor Accommodation 3,,,,,,,,,,,,,,,,,,,,,,,,39,100%,,,,,,,,,,,,,,,,,,,,,,,,,,,,,,,,,,,
Abu Dhabi,Labor Accommodation 4,,ABU DHABI INDUSTRIAL CITY,,ABU DHABI INDUSTRIAL CITY Labor Accommodation 4,,,,,,,,,,,,,,,,,,,,,,,,329,100%,,,,,,,,,,,,,,,,,,,,,,,,,,,,,,,,,,,
Abu Dhabi,Labor Accommodation 5,,ABU DHABI INDUSTRIAL CITY,,ABU DHABI INDUSTRIAL CITY Labor Accommodation 5,,,,,,,,,,,,,,,,,,,,,,,,67,100%,,,,,,,,,,,,,,,,,,,,,,,,,,,,,,,,,,,
Abu Dhabi,Labor Accommodation 6,,ABU DHABI INDUSTRIAL CITY,,ABU DHABI INDUSTRIAL CITY Labor Accommodation 6,,,,,,,,,,,,,,,,,,,,,,,,1957,100%,,,,,,,,,,,,,,,,,,,,,,,,,,,,,,,,,,,
Abu Dhabi,Labor Accommodation 7,,ABU DHABI INDUSTRIAL CITY,,ABU DHABI INDUSTRIAL CITY Labor Accommodation 7,,,,,,,,,,,,,,,,,,,,,,,,4281,100%,,,,,,,,,,,,,,,,,,,,,,,,,,,,,,,,,,,
Abu Dhabi,Labor Accommodation 8,,ABU DHABI INDUSTRIAL CITY,,ABU DHABI INDUSTRIAL CITY Labor Accommodation 8,,,,,,,,,,,,,,,,,,,,,,,,1831,100%,,,,,,,,,,,,,,,,,,,,,,,,,,,,,,,,,,,
Abu Dhabi,Labor Accommodation 9,,ABU DHABI INDUSTRIAL CITY,,ABU DHABI INDUSTRIAL CITY Labor Accommodation 9,,,,,,,,,,,,,,,,,,,,,,,,26806,100%,,,,,,,,,,,,,,,,,,,,,,,,,,,,,,,,,,,
Abu Dhabi,Labor Accommodation 10,,ABU DHABI INDUSTRIAL CITY,,ABU DHABI INDUSTRIAL CITY Labor Accommodation 10,,,,,,,,,,,,,,,,,,,,,,,,10000,100%,,,,,,,,,,,,,,,,,,,,,,,,,,,,,,,,,,,
Abu Dhabi,Labor Accommodation 11,,ABU DHABI INDUSTRIAL CITY,,ABU DHABI INDUSTRIAL CITY Labor Accommodation 11,,,,,,,,,,,,,,,,,,,,,,,,2252,100%,,,,,,,,,,,,,,,,,,,,,,,,,,,,,,,,,,,
Abu Dhabi,Labor Accommodation 12,,MUSAFFAH,,MUSAFFAH Labor Accommodation 12,,,,,,,,,,,,,,,,,,,,,,,,75,100%,,,,,,,,,,,,,,,,,,,,,,,,,,,,,,,,,,,
Abu Dhabi,Labor Accommodation 13,,MUSAFFAH,,MUSAFFAH Labor Accommodation 13,,,,,,,,,,,,,,,,,,,,,,,,2223,100%,,,,,,,,,,,,,,,,,,,,,,,,,,,,,,,,,,,
Abu Dhabi,Labor Accommodation 14,,ABU DHABI INDUSTRIAL CITY,,ABU DHABI INDUSTRIAL CITY Labor Accommodation 14,,,,,,,,,,,,,,,,,,,,,,,,2,100%,,,,,,,,,,,,,,,,,,,,,,,,,,,,,,,,,,,
Abu Dhabi,Labor Accommodation 15,,MUSAFFAH,,MUSAFFAH Labor Accommodation 15,,,,,,,,,,,,,,,,,,,,,,,,1,100%,,,,,,,,,,,,,,,,,,,,,,,,,,,,,,,,,,,
Abu Dhabi,Labor Accommodation 16,,MUSAFFAH,,MUSAFFAH Labor Accommodation 16,,,,,,,,,,,,,,,,,,,,,,,,2126,100%,,,,,,,,,,,,,,,,,,,,,,,,,,,,,,,,,,,
Abu Dhabi,Labor Accommodation 17,,ABU DHABI INDUSTRIAL CITY,,ABU DHABI INDUSTRIAL CITY Labor Accommodation 17,,,,,,,,,,,,,,,,,,,,,,,,47,100%,,,,,,,,,,,,,,,,,,,,,,,,,,,,,,,,,,,
Abu Dhabi,Labor Accommodation 18,,MUSAFFAH,,MUSAFFAH Labor Accommodation 18,,,,,,,,,,,,,,,,,,,,,,,,4723,100%,,,,,,,,,,,,,,,,,,,,,,,,,,,,,,,,,,,
Abu Dhabi,Labor Accommodation 19,,MUSAFFAH,,MUSAFFAH Labor Accommodation 19,,,,,,,,,,,,,,,,,,,,,,,,1215,100%,,,,,,,,,,,,,,,,,,,,,,,,,,,,,,,,,,,
Abu Dhabi,Labor Accommodation 20,,MUSAFFAH,,MUSAFFAH Labor Accommodation 20,,,,,,,,,,,,,,,,,,,,,,,,5817,100%,,,,,,,,,,,,,,,,,,,,,,,,,,,,,,,,,,,
Abu Dhabi,Labor Accommodation 21,,MUSAFFAH,,MUSAFFAH Labor Accommodation 21,,,,,,,,,,,,,,,,,,,,,,,,321,100%,,,,,,,,,,,,,,,,,,,,,,,,,,,,,,,,,,,
Abu Dhabi,Labor Accommodation 22,,MUSAFFAH,,MUSAFFAH Labor Accommodation 22,,,,,,,,,,,,,,,,,,,,,,,,383,100%,,,,,,,,,,,,,,,,,,,,,,,,,,,,,,,,,,,
Abu Dhabi,Labor Accommodation 23,,MUSAFFAH,,MUSAFFAH Labor Accommodation 23,,,,,,,,,,,,,,,,,,,,,,,,39,100%,,,,,,,,,,,,,,,,,,,,,,,,,,,,,,,,,,,
Abu Dhabi,Labor Accommodation 24,,MUSAFFAH,,MUSAFFAH Labor Accommodation 24,,,,,,,,,,,,,,,,,,,,,,,,1016,100%,,,,,,,,,,,,,,,,,,,,,,,,,,,,,,,,,,,
Abu Dhabi,Labor Accommodation 25,,MUSAFFAH,,MUSAFFAH Labor Accommodation 25,,,,,,,,,,,,,,,,,,,,,,,,183,100%,,,,,,,,,,,,,,,,,,,,,,,,,,,,,,,,,,,
Abu Dhabi,Labor Accommodation 26,,MUSAFFAH,,MUSAFFAH Labor Accommodation 26,,,,,,,,,,,,,,,,,,,,,,,,4837,100%,,,,,,,,,,,,,,,,,,,,,,,,,,,,,,,,,,,
Abu Dhabi,Labor Accommodation 27,,MUSAFFAH,,MUSAFFAH Labor Accommodation 27,,,,,,,,,,,,,,,,,,,,,,,,2,100%,,,,,,,,,,,,,,,,,,,,,,,,,,,,,,,,,,,
Abu Dhabi,Labor Accommodation 28,,MUSAFFAH,,MUSAFFAH Labor Accommodation 28,,,,,,,,,,,,,,,,,,,,,,,,107,100%,,,,,,,,,,,,,,,,,,,,,,,,,,,,,,,,,,,
Abu Dhabi,Labor Accommodation 29,,MUSAFFAH,,MUSAFFAH Labor Accommodation 29,,,,,,,,,,,,,,,,,,,,,,,,73,100%,,,,,,,,,,,,,,,,,,,,,,,,,,,,,,,,,,,
Abu Dhabi,Labor Accommodation 30,,MUSAFFAH,,MUSAFFAH Labor Accommodation 30,,,,,,,,,,,,,,,,,,,,,,,,20,100%,,,,,,,,,,,,,,,,,,,,,,,,,,,,,,,,,,,
Abu Dhabi,Labor Accommodation 31,,MUSAFFAH,,MUSAFFAH Labor Accommodation 31,,,,,,,,,,,,,,,,,,,,,,,,16520,100%,,,,,,,,,,,,,,,,,,,,,,,,,,,,,,,,,,,
Abu Dhabi,Labor Accommodation 32,,MUSAFFAH,,MUSAFFAH Labor Accommodation 32,,,,,,,,,,,,,,,,,,,,,,,,1177,100%,,,,,,,,,,,,,,,,,,,,,,,,,,,,,,,,,,,
Abu Dhabi,Labor Accommodation 33,,MUSAFFAH,,MUSAFFAH Labor Accommodation 33,,,,,,,,,,,,,,,,,,,,,,,,39,100%,,,,,,,,,,,,,,,,,,,,,,,,,,,,,,,,,,,
Abu Dhabi,Labor Accommodation 34,,MUSAFFAH,,MUSAFFAH Labor Accommodation 34,,,,,,,,,,,,,,,,,,,,,,,,1163,100%,,,,,,,,,,,,,,,,,,,,,,,,,,,,,,,,,,,
Abu Dhabi,Labor Accommodation 35,,MUSAFFAH,,MUSAFFAH Labor Accommodation 35,,,,,,,,,,,,,,,,,,,,,,,,922,100%,,,,,,,,,,,,,,,,,,,,,,,,,,,,,,,,,,,
Abu Dhabi,Labor Accommodation 36,,MUSAFFAH,,MUSAFFAH Labor Accommodation 36,,,,,,,,,,,,,,,,,,,,,,,,1,100%,,,,,,,,,,,,,,,,,,,,,,,,,,,,,,,,,,,
Abu Dhabi,Labor Accommodation 37,,AL TAWEELAH,,AL TAWEELAH Labor Accommodation 37,,,,,,,,,,,,,,,,,,,,,,,,6479,100%,,,,,,,,,,,,,,,,,,,,,,,,,,,,,,,,,,,
Abu Dhabi,Labor Accommodation 38,,AL SAMHAH,,AL SAMHAH Labor Accommodation 38,,,,,,,,,,,,,,,,,,,,,,,,1406,100%,,,,,,,,,,,,,,,,,,,,,,,,,,,,,,,,,,,
Abu Dhabi,Labor Accommodation 39,,AL SAMHAH,,AL SAMHAH Labor Accommodation 39,,,,,,,,,,,,,,,,,,,,,,,,2849,100%,,,,,,,,,,,,,,,,,,,,,,,,,,,,,,,,,,,
Abu Dhabi,Labor Accommodation 40,,AL SAMHAH,,AL SAMHAH Labor Accommodation 40,,,,,,,,,,,,,,,,,,,,,,,,1129,100%,,,,,,,,,,,,,,,,,,,,,,,,,,,,,,,,,,,
Abu Dhabi,Labor Accommodation 41,,AL SAMHAH,,AL SAMHAH Labor Accommodation 41,,,,,,,,,,,,,,,,,,,,,,,,307,100%,,,,,,,,,,,,,,,,,,,,,,,,,,,,,,,,,,,
Abu Dhabi,Labor Accommodation 42,,AL SAMHAH,,AL SAMHAH Labor Accommodation 42,,,,,,,,,,,,,,,,,,,,,,,,3827,100%,,,,,,,,,,,,,,,,,,,,,,,,,,,,,,,,,,,
Abu Dhabi,Labor Accommodation 43,,AL SAMHAH,,AL SAMHAH Labor Accommodation 43,,,,,,,,,,,,,,,,,,,,,,,,93,100%,,,,,,,,,,,,,,,,,,,,,,,,,,,,,,,,,,,
Abu Dhabi,Labor Accommodation 44,,AL NAHDAH,,AL NAHDAH Labor Accommodation 44,,,,,,,,,,,,,,,,,,,,,,,,2003,100%,,,,,,,,,,,,,,,,,,,,,,,,,,,,,,,,,,,
Abu Dhabi,Labor Accommodation 45,,JARN YAFOUR,,JARN YAFOUR Labor Accommodation 45,,,,,,,,,,,,,,,,,,,,,,,,25000,100%,,,,,,,,,,,,,,,,,,,,,,,,,,,,,,,,,,,
Abu Dhabi,Labor Accommodation 46,,AL WATHBAH,,AL WATHBAH Labor Accommodation 46,,,,,,,,,,,,,,,,,,,,,,,,434,100%,,,,,,,,,,,,,,,,,,,,,,,,,,,,,,,,,,,
Abu Dhabi,Labor Accommodation 47,,AL WATHBAH,,AL WATHBAH Labor Accommodation 47,,,,,,,,,,,,,,,,,,,,,,,,1014,100%,,,,,,,,,,,,,,,,,,,,,,,,,,,,,,,,,,,
Abu Dhabi,Labor Accommodation 48,,MUWAYLIH,,MUWAYLIH Labor Accommodation 48,,,,,,,,,,,,,,,,,,,,,,,,6523,100%,,,,,,,,,,,,,,,,,,,,,,,,,,,,,,,,,,,
Abu Dhabi,Labor Accommodation 49,,ZAYED MILITARY CITY,,ZAYED MILITARY CITY Labor Accommodation 49,,,,,,,,,,,,,,,,,,,,,,,,4317,100%,,,,,,,,,,,,,,,,,,,,,,,,,,,,,,,,,,,
Abu Dhabi,Labor Accommodation 50,,ZAYED MILITARY CITY,,ZAYED MILITARY CITY Labor Accommodation 50,,,,,,,,,,,,,,,,,,,,,,,,2,100%,,,,,,,,,,,,,,,,,,,,,,,,,,,,,,,,,,,
Abu Dhabi,Labor Accommodation 51,,AL KHATM,,AL KHATM Labor Accommodation 51,,,,,,,,,,,,,,,,,,,,,,,,2111,100%,,,,,,,,,,,,,,,,,,,,,,,,,,,,,,,,,,,
Abu Dhabi,Labor Accommodation 52,,DIHAN,,DIHAN Labor Accommodation 52,,,,,,,,,,,,,,,,,,,,,,,,1129,100%,,,,,,,,,,,,,,,,,,,,,,,,,,,,,,,,,,,
Abu Dhabi,Labor Accommodation 53,,AL HAFFAR,,AL HAFFAR Labor Accommodation 53,,,,,,,,,,,,,,,,,,,,,,,,1278,100%,,,,,,,,,,,,,,,,,,,,,,,,,,,,,,,,,,,
Abu Dhabi,Labor Accommodation 54,,AL KHATM,,AL KHATM Labor Accommodation 54,,,,,,,,,,,,,,,,,,,,,,,,2835,100%,,,,,,,,,,,,,,,,,,,,,,,,,,,,,,,,,,,
Abu Dhabi,Labor Accommodation 55,,AL KHATM,,AL KHATM Labor Accommodation 55,,,,,,,,,,,,,,,,,,,,,,,,177,100%,,,,,,,,,,,,,,,,,,,,,,,,,,,,,,,,,,,
Abu Dhabi,Labor Accommodation 56,,DIHAN,,DIHAN Labor Accommodation 56,,,,,,,,,,,,,,,,,,,,,,,,10478,100%,,,,,,,,,,,,,,,,,,,,,,,,,,,,,,,,,,,
Abu Dhabi,Labor Accommodation 57,,MSHAYRIF,,MSHAYRIF Labor Accommodation 57,,,,,,,,,,,,,,,,,,,,,,,,537,100%,,,,,,,,,,,,,,,,,,,,,,,,,,,,,,,,,,,
Abu Dhabi,Labor Accommodation 58,,AL 'ASHEESH,,AL 'ASHEESH Labor Accommodation 58,,,,,,,,,,,,,,,,,,,,,,,,10000,100%,,,,,,,,,,,,,,,,,,,,,,,,,,,,,,,,,,,
Abu Dhabi,Labor Accommodation 59,,AL FAYAH,,AL FAYAH Labor Accommodation 59,,,,,,,,,,,,,,,,,,,,,,,,59831,100%,,,,,,,,,,,,,,,,,,,,,,,,,,,,,,,,,,,
Abu Dhabi,Labor Accommodation 60,,AL HAFFAR,,AL HAFFAR Labor Accommodation 60,,,,,,,,,,,,,,,,,,,,,,,,2487,100%,,,,,,,,,,,,,,,,,,,,,,,,,,,,,,,,,,,
Abu Dhabi,Labor Accommodation 61,,MSHAYRIF,,MSHAYRIF Labor Accommodation 61,,,,,,,,,,,,,,,,,,,,,,,,1131,100%,,,,,,,,,,,,,,,,,,,,,,,,,,,,,,,,,,,
Abu Dhabi,Labor Accommodation 62,,MSHAYRIF,,MSHAYRIF Labor Accommodation 62,,,,,,,,,,,,,,,,,,,,,,,,31,100%,,,,,,,,,,,,,,,,,,,,,,,,,,,,,,,,,,,
Abu Dhabi,Labor Accommodation 63,,AL 'ADLAH,,AL 'ADLAH Labor Accommodation 63,,,,,,,,,,,,,,,,,,,,,,,,40346,100%,,,,,,,,,,,,,,,,,,,,,,,,,,,,,,,,,,,
Abu Dhabi,Labor Accommodation 64,,AL BIHOUTH,,AL BIHOUTH Labor Accommodation 64,,,,,,,,,,,,,,,,,,,,,,,,25000,100%,,,,,,,,,,,,,,,,,,,,,,,,,,,,,,,,,,,
Abu Dhabi,Labor Accommodation 65,,AL WATHBAH,,AL WATHBAH Labor Accommodation 65,,,,,,,,,,,,,,,,,,,,,,,,50000,100%,,,,,,,,,,,,,,,,,,,,,,,,,,,,,,,,,,,
Abu Dhabi,Labor Accommodation 66,,AL BIHOUTH,,AL BIHOUTH Labor Accommodation 66,,,,,,,,,,,,,,,,,,,,,,,,16,100%,,,,,,,,,,,,,,,,,,,,,,,,,,,,,,,,,,,
Abu Dhabi,Labor Accommodation 67,,AL BIHOUTH,,AL BIHOUTH Labor Accommodation 67,,,,,,,,,,,,,,,,,,,,,,,,43,100%,,,,,,,,,,,,,,,,,,,,,,,,,,,,,,,,,,,
Abu Dhabi,Labor Accommodation 68,,MSHAYRIF,,MSHAYRIF Labor Accommodation 68,,,,,,,,,,,,,,,,,,,,,,,,4422,100%,,,,,,,,,,,,,,,,,,,,,,,,,,,,,,,,,,,
Abu Dhabi,Labor Accommodation 69,,AL NOUF,,AL NOUF Labor Accommodation 69,,,,,,,,,,,,,,,,,,,,,,,,50000,100%,,,,,,,,,,,,,,,,,,,,,,,,,,,,,,,,,,,
Abu Dhabi,Labor Accommodation 70,,KHALIFA INDUSTRIAL,,KHALIFA INDUSTRIAL Labor Accommodation 70,,,,,,,,,,,,,,,,,,,,,,,,37643.66667,100%,,,,,,,,,,,,,,,,,,,,,,,,,,,,,,,,,,,
Abu Dhabi,Labor Accommodation 71,,AL WATHBAH,,AL WATHBAH Labor Accommodation 71,,,,,,,,,,,,,,,,,,,,,,,,175,100%,,,,,,,,,,,,,,,,,,,,,,,,,,,,,,,,,,,
Abu Dhabi,Labor Accommodation 72,,YAS ISLAND,,YAS ISLAND Labor Accommodation 72,,,,,,,,,,,,,,,,,,,,,,,,3,100%,,,,,,,,,,,,,,,,,,,,,,,,,,,,,,,,,,,
Abu Dhabi,Labor Accommodation 73,,MUWAYLIH,,MUWAYLIH Labor Accommodation 73,,,,,,,,,,,,,,,,,,,,,,,,34,100%,,,,,,,,,,,,,,,,,,,,,,,,,,,,,,,,,,,
Abu Dhabi,Labor Accommodation 74,,DIHAN,,DIHAN Labor Accommodation 74,,,,,,,,,,,,,,,,,,,,,,,,77,100%,,,,,,,,,,,,,,,,,,,,,,,,,,,,,,,,,,,
Abu Dhabi,Labor Accommodation 75,,MSHAYRIF,,MSHAYRIF Labor Accommodation 75,,,,,,,,,,,,,,,,,,,,,,,,8,100%,,,,,,,,,,,,,,,,,,,,,,,,,,,,,,,,,,,
Abu Dhabi,Labor Accommodation 76,,DHAHARAT AL TEEB,,DHAHARAT AL TEEB Labor Accommodation 76,,,,,,,,,,,,,,,,,,,,,,,,4855,100%,,,,,,,,,,,,,,,,,,,,,,,,,,,,,,,,,,,
Abu Dhabi,Labor Accommodation 77,,AL SAMHAH,,AL SAMHAH Labor Accommodation 77,,,,,,,,,,,,,,,,,,,,,,,,861,100%,,,,,,,,,,,,,,,,,,,,,,,,,,,,,,,,,,,
Abu Dhabi,Labor Accommodation 78,,AL REEM ISLAND,,AL REEM ISLAND Labor Accommodation 78,,,,,,,,,,,,,,,,,,,,,,,,1,100%,,,,,,,,,,,,,,,,,,,,,,,,,,,,,,,,,,,
Abu Dhabi,Labor Accommodation 79,,AL SAMHAH,,AL SAMHAH Labor Accommodation 79,,,,,,,,,,,,,,,,,,,,,,,,39,100%,,,,,,,,,,,,,,,,,,,,,,,,,,,,,,,,,,,
Abu Dhabi,Labor Accommodation 80,,AL SAMHAH,,AL SAMHAH Labor Accommodation 80,,,,,,,,,,,,,,,,,,,,,,,,266,100%,,,,,,,,,,,,,,,,,,,,,,,,,,,,,,,,,,,
Abu Dhabi,Labor Accommodation 81,,AL TAWEELAH,,AL TAWEELAH Labor Accommodation 81,,,,,,,,,,,,,,,,,,,,,,,,3182,100%,,,,,,,,,,,,,,,,,,,,,,,,,,,,,,,,,,,
Abu Dhabi,Labor Accommodation 82,,AL WATHBAH,,AL WATHBAH Labor Accommodation 82,,,,,,,,,,,,,,,,,,,,,,,,704,100%,,,,,,,,,,,,,,,,,,,,,,,,,,,,,,,,,,,
Abu Dhabi,Labor Accommodation 83,,AL WATHBAH,,AL WATHBAH Labor Accommodation 83,,,,,,,,,,,,,,,,,,,,,,,,713,100%,,,,,,,,,,,,,,,,,,,,,,,,,,,,,,,,,,,
Abu Dhabi,Labor Accommodation 84,,AL WATHBAH,,AL WATHBAH Labor Accommodation 84,,,,,,,,,,,,,,,,,,,,,,,,828,100%,,,,,,,,,,,,,,,,,,,,,,,,,,,,,,,,,,,
Abu Dhabi,Labor Accommodation 85,,ABU DHABI INDUSTRIAL CITY,,ABU DHABI INDUSTRIAL CITY Labor Accommodation 85,,,,,,,,,,,,,,,,,,,,,,,,2000,100%,,,,,,,,,,,,,,,,,,,,,,,,,,,,,,,,,,,
Abu Dhabi,Labor Accommodation 86,,JARN YAFOUR,,JARN YAFOUR Labor Accommodation 86,,,,,,,,,,,,,,,,,,,,,,,,722,100%,,,,,,,,,,,,,,,,,,,,,,,,,,,,,,,,,,,
Abu Dhabi,Labor Accommodation 87,,JARN YAFOUR,,JARN YAFOUR Labor Accommodation 87,,,,,,,,,,,,,,,,,,,,,,,,621,100%,,,,,,,,,,,,,,,,,,,,,,,,,,,,,,,,,,,
Abu Dhabi,Labor Accommodation 88,,JARN YAFOUR,,JARN YAFOUR Labor Accommodation 88,,,,,,,,,,,,,,,,,,,,,,,,28667,100%,,,,,,,,,,,,,,,,,,,,,,,,,,,,,,,,,,,
Abu Dhabi,Labor Accommodation 89,,JARN YAFOUR,,JARN YAFOUR Labor Accommodation 89,,,,,,,,,,,,,,,,,,,,,,,,3,100%,,,,,,,,,,,,,,,,,,,,,,,,,,,,,,,,,,,
Abu Dhabi,Labor Accommodation 90,,AL BAHYAH,,AL BAHYAH Labor Accommodation 90,,,,,,,,,,,,,,,,,,,,,,,,10000,100%,,,,,,,,,,,,,,,,,,,,,,,,,,,,,,,,,,,
Abu Dhabi,Labor Accommodation 91,,KHALIFA INDUSTRIAL,,KHALIFA INDUSTRIAL Labor Accommodation 91,,,,,,,,,,,,,,,,,,,,,,,,37643.66667,100%,,,,,,,,,,,,,,,,,,,,,,,,,,,,,,,,,,,
Abu Dhabi,Labor Accommodation 92,,KHALIFA INDUSTRIAL,,KHALIFA INDUSTRIAL Labor Accommodation 92,,,,,,,,,,,,,,,,,,,,,,,,37643.66667,100%,,,,,,,,,,,,,,,,,,,,,,,,,,,,,,,,,,,
